SKU,Product Name,4
ZXMARK,"Gold ""X"" Marks The Spot Frontal Only'",
ZWB15D,Large Diamond Web Frontal Only',
ZWB15BKD,Large Black Diamond Web Frontal Only',
ZWB10D,10mm Diamond Web Frontal Only',
ZWB10BKD,10mm Black Diamond Web Frontal Only',
ZURPAPRS5BKD,5mm Black and White Diamond Pave Pronged Ouroboros Frontal',
ZURPAPRS4BKD,4mm Black and White Diamond Pave Pronged Ouroboros Frontal',
ZURPA5D,5mm Rose Cut Diamond Pave Ouroboros Frontal',
ZURPA4DOP,4mm Opal and Diamond Pave Ouroboros Frontal',
ZURPA4D,4mm Rose Cut Diamond Pave Ouroboros Frontal',
ZSTH,Straight Barbell Post Only 14-12 Gauge',
ZSTARD,Diamond Solitaire Star Frontal Only',
ZSTAR7D,7mm Diamond Star Frontal',
ZSTAR55D,5.5mm Diamond Star Frontal Only',
ZSTAR45D,4.5mm Diamond Star Frontal Only',
ZSTAR,Plain Star Frontal',
ZSQGPS,Pink Sapphire Princess Granulated Frontal',
ZSQGBS,Blue Sapphire Princess Granulated Frontal',
ZSQ4DTRD,Princess Three Diamond Trinity Frontal Only',
ZSQ3BTRD,Diamond Three Ball Princess Frontal Only',
ZSP3525,3.5-2.5mm Spike Stud Frontal Only',
ZSNPA10DRB,Large Diamond Pave Snake with Ruby Eyes Frontal Only',
ZSNPA10D,Large Diamond Pave Snake Frontal Only',
ZSNEG5RB,Small Engraved Snake with Ruby Eyes Frontal Only',
ZSNEG5D,Small Engraved Snake with Diamond Eyes Frontal Only',
ZSNEG5BKD,Small Engraved Snake with Black Diamond Eyes Frontal Only',
ZSNEG10RB,Large Engraved Snake with Ruby Eyes Frontal Only',
ZSNEG10D,Large Engraved Snake with Diamond Eyes Frontal Only',
ZSNEG10BKD,Large Engraved Snake with Black Diamond Eyes Frontal Only',
ZSN5RB,Small Snake with Ruby Eyes Frontal Only',
ZSN5D,Small Snake with Diamond Eyes Frontal Only',
ZSN5BKD,Small Snake with Black Diamond Eyes Frontal Only',
ZSN10RB,Large Snake with Ruby Eyes Frontal',
ZSN10D,Large Snake with Diamond Eyes Frontal',
ZSN10BKD,Large Snake with Black Diamond Eyes Frontal Only',
ZSK65OPM,Large Matte Skull with Opal Eyes Frontal',
ZSK65BKDM,Large Matte Skull with Black Diamond Eyes Frontal',
ZSK5DM,Medium Sized Matte Skull with Diamond Eyes Frontal',
ZSK5BKDM,Medium Matte Skull with Black Diamond Eyes Frontal',
ZSK4RB,Small Polished Skull w/ Ruby Eyes Frontal',
ZSK4BKDM,Small Matte Skull with Black Diamond Eyes Frontal',
ZSHSTAR,Plain Starburst Frontal Only',
ZSCMQ4D,3.7mm Scalloped Marquise Diamond Frontal',
ZSCEG4CZ,4mm Cubic Zirconia Engraved Cup Frontal only',
ZSCEG3CZ,3mm Cubic Zirconia Engraved Cup Frontal Only',
ZSCD32D,3mm-2mm Scalloped Set Diamond Dangle Frontal Only',
ZSC4D,4mm Diamond Scalloped Set Frontal',
ZSC3PKD,3mm Pink Diamond Scalloped Set Frontal Only',
ZSC3PD,3mm Purple Diamond Scalloped Set Frontal Only',
ZSC3D,3mm Diamond Scalloped Set Frontal',
ZSC3BKD,3mm Black Diamond Scalloped Set Frontal',
ZSC3BD,3mm Blue Diamond Scalloped Set Frontal Only',
ZSC2PKD,2mm Pink Diamond Scalloped Set Frontal',
ZSC2PD,2mm Purple Diamond Scalloped Set Frontal Only',
ZSC2D,2mm Diamond Scalloped Set Frontal only',
ZSC2BKD,2mm Black Diamond Scalloped Frontal only',
ZSC2BD,2mm Blue Diamond Scalloped Set Frontal Only',
ZSC25D,2.5mm Diamond Scalloped Frontal Only',
ZSC25BKD,2.5mm Black Diamond Scalloped Set Frontal only',
ZSC15PKD,1.5mm Pink Diamond Scalloped Set Frontal',
ZSC15PD,1.5mm Scalloped Purple Diamond (Frontal Only)',
ZSC15D,1.5mm Diamond Scalloped Set Frontal Only',
ZSC15BKD,1.5mm Black Diamond Scalloped Set Frontal Only',
ZSC15BD,1.5mm Blue Diamond Scalloped Set Frontal Only',
ZSC12D,1.2mm Diamond Scalloped Set Frontal Only',
ZPEAR,Gold Pear Frontal Only',
ZPE725D,7mm Pear Diamond Frontal Only',
ZPE625D,6mm Pear Diamond Frontal Only',
ZPAISRD,Diamond Paisley (Right) Frontal Only',
ZPAISLD,Diamond Paisley (Left) Frontal Only',
ZPAISLBD,Blue Diamond Paisley (Left) Frontal Only',
ZPACD,Diamond Micropave Open Circle Frontal Only',
ZP6CZ,6mm Prong Set Cubic Zirconia Frontal Only',
ZP4CZ,4mm Prong Set Cubic Zirconia Frontal Only',
ZP3CZ,3mm Prong Set Cubic Zirconia Frontal Only',
ZP2CZ,2mm Prong Set Cubic Zirconia Frontal Only',
ZMTTPS,Pink Sapphire and Diamond MT Tiara Frontal Only',
ZMTTDOP,Opal and Diamond MT Tiara Frontal Only',
ZMTTD,Diamond MT Tiara Frontal Only',
ZMQ725D,7mm Marquise Diamond Frontal Only',
ZMQ625D,6mm by 3mm Marquise Diamond Frontal Only',
ZMNSPAD,Small Diamond Moon (Frontal Only)',
ZMNPAD,Diamond Moon (Frontal Only)',
ZLOTEGD625D,6mm Engraved Diamond Lotus with Dangle (Frontal Only)',
ZLOTEG615D,6mm Engraved Diamond Lotus (Frontal Only)',
ZLOTD625D,6mm Diamond Lotus with Dangle (Frontal Only)',
ZLOT615D,18K Diamond Lotus Design Frontal Only',
ZLB11D,11mm Diamond Lightning Bolt Frontal',
ZLB11BKD,11mm Black Diamond Lightning Bolt Frontal',
ZIVFL85D,8.5mm Invisible Set Diamond Flower Frontal Only',
ZIVFL6D,6mm Invisible Diamond Flower Frontal Only',
ZIVD32D,3mm-2mm Invisible Set Diamond Dangle Frontal Only',
ZIVD215D,2mm-1.5mm Invisible Set Diamond Dangle (Frontal Only)',
ZIV5D,5.2mm Invisible Set Diamond Frontal Only',
ZIV4D,4.1mm Invisible Set Diamond Frontal Only',
ZIV47D,4.7mm Invisible Set Diamond Frontal Only',
ZIV3PKD,3mm Invisible Set Pink Diamond (Frontal Only)',
ZIV3D,3mm Invisible Set Diamond Frontal Only',
ZIV3BD,3mm Blue Diamond Invisible Set Frontal Only',
ZIV38D,3.8mm Invisible Set Diamond Frontal Only',
ZIV35D,3.5mm Invisible Set Diamond (Frontal Only)',
ZIV2PKD,2mm Invisible Set Pink Diamond Frontal Only',
ZIV2PD,2mm Invisible Set Purple Diamond (Frontal Only)',
ZIV2D,2mm Invisible Set Diamond Frontal Only',
ZIV2BD,2mm Invisible Set Blue Diamond Frontal Only',
ZIV25PD,2.5mm Purple Diamond Invisible Set Frontal Only',
ZIV25D,2.5mm Invisible Set Diamond Frontal Only',
ZIV25BD,2.5mm Invisible Set Blue Diamond Frontal Only',
ZIV15PKD,1.5mm Invisible Set Pink Diamond (Frontal Only)',
ZIV15D,1.5mm Invisible Set Diamond Frontal Only',
ZIV15BD,1.5mm Invisible Set Blue Diamond Frontal Only',
ZHEART,Gold Heart Frontal Only',
ZG5OP,Five Opal Garland Frontal',
ZG3TQ,2.75mm Turquoise Starburst Frontal Only',
ZG3RB,2.75mm Ruby Starburst Frontal Only',
ZG3PS,2.75mm Pink Sapphire Starburst Frontal',
ZG3OP,2.75mm Opal Starburst Frontal',
ZG3CZ,2.75mm Cubic Zirconia Starburst Frontal Only',
ZG3BS,2.75mm Blue Sapphire Starburst Frontal Only',
ZFLPED,Pear Diamond Flower Frontal',
ZFLD75OP,7.5mm Opal Flower with Diamond Center Frontal Only',
ZFLD65OP,6.5mm Opal Dia Flower Frontal',
ZFLD5OP,5mm Opal Flower with Diamond Center Frontal',
ZFLD55D,5.5mm Diamond Flower with Dangle Frontal Only',
ZFLD45D,4.5mm Diamond Flower Frontal Only with Dangle',
ZFL7PKD,7mm Pink Diamond Flower Frontal Only',
ZFL7PD,7mm Purple Diamond Flower Frontal Only',
ZFL7DPE,7mm Pearl Flower with Diamond Center Frontal',
ZFL7D,7mm Diamond Flower Frontal',
ZFL7BD,7mm Blue Diamond Flower Frontal Only',
ZFL55PKD,5.5mm Pink Diamond Flower Frontal Only',
ZFL55PD,5.5mm Rose-Purple Diamond Flower Frontal Only',
ZFL55D,5.5mm Diamond Flower Frontal Only',
ZFL55CZ,5.5mm Cubic Zirconia Flower Frontal Only',
ZFL55BKD,5.5mm Black Diamond Flower Frontal Only',
ZFL55BD,5.5mm Sky Blue Diamond Flower Frontal Only',
ZFL45PKD,4.5mm Pink Diamond Flower Frontal Only',
ZFL45PD,4.5mm Rose-Purple Diamond Flower Frontal Only',
ZFL45D,4.5mm Diamond Flower Frontal',
ZFL45CZ,4.5mm Cubic Zirconia Flower Frontal Only',
ZFL45BKD,4.5mm Black Diamond Flower Frontal',
ZFL45BD,4.5mm Sky Blue Diamond Flower Frontal Only',
ZFL3D,3mm Diamond Flower Frontal Only',
ZDS5DOP,Opal and Diamond Small Sword Frontal Only',
ZDS5D,Diamond Small Sword Frontal Only',
ZDM25,2.5mm Dome Frontal',
ZDM2,2mm Dome Frontal Only',
ZDM15,1.5mm Dome Frontal Only',
ZDGTR65RB,Ruby and Diamond Trinity Dagger Frontal Only',
ZDGTR65OP,Opal and Diamond Trinity Dagger Frontal Only',
ZDGTR65D,Diamond Trinity Dagger Frontal Only',
ZDGTR65BKD,Black and White Diamond Trinity Dagger Frontal Only',
ZDG65D,Diamond Dagger Frontal Only',
ZDG65BKD,Black and White Diamond Dagger Frontal Only',
ZDG5D,Small Diamond Dagger Frontal Only',
ZDELDPS,Pink Sapphire and Diamond Delia Frontal Only',
ZDELD,Diamond Delia Frontal Only',
ZDAL,Dala Dangle Frontal Only',
ZD25,2.5mm Gold Disc Frontal Only',
ZCOBRAD,Diamond Cobra Frontal Only',
ZCLVD,Diamond Lucky Clover Frontal Only',
ZCLV7DPS,7mm Diamond and Pink Sapphire Clover Frontal Only',
ZCLV7DBS,7mm Diamond and Blue Sapphire Clover Frontal Only',
ZCLV55DPS,5.5mm Pink Sapphire and Diamond Clover Frontal',
ZCLV55DBS,5.5mm Blue Sapphire and Diamond Clover Frontal',
ZCFL5D,Diamond 5 Flower Garland Frontal Only',
ZC4CZ,4mm Cubic Zirconia Cup Set Frontal Only',
ZC3STD,Diamond Star Garland Frontal Only',
ZC3FLOP,Three Opal Flower Garland Frontal Only',
ZC3FLD,Diamond Flower Garland Frontal Only',
ZC3FLCZ,5.5mm Cubic Zirconia Flower Garland Frontal Only',
ZBYMQD,Diamond Marquise Butterfly Frontal Only',
ZBYMQCZ,Cubic Zirconia Marquise Butterfly Frontal Only',
ZBY4D,4mm Diamond Butterfly Frontal Only',
ZBRT3TQ,2.75mm Turqoiuse Thin Braid Frontal Only',
ZBRT3RB,2.75mm Ruby Thin Braid Frontal Only',
ZBRT3PS,2.75mm Pink Sapphire Thin Braid Frontal Only',
ZBRT3OP,2.75mm Opal Thin Braid Frontal Only',
ZBRT3CZ,2.75mm Cubic Zircoinia Thin Braid Frontal Only',
ZBRT3BS,2.75mm Blue Sapphire Thin Braid Frontal Only',
ZBRT2OP,2mm Opal Thin Braid Frontal Only',
ZBRT2CZ,2mm Cubic Zirconia Thin Braid Frontal',
ZBRKRB,2.75mm Ruby Broken Braid Frontal Only',
ZBRKPS,2.75mm Pink Sapphire Broken Braid Frontal Only',
ZBRKCZ,2.75mm Cubic Zirconia Broken Braid Frontal Only',
ZBRKBS,2.75mm Blue Sapphire Broken Braid Frontal Only',
ZBO9D,9mm Diamond Bone Frontal Only',
ZBO7D,7mm Diamond Bone Frontal Only',
ZBF,Ball Flower Frontal Only',
ZBAT75RB,Small Bat with Ruby Eyes Frontal',
ZBAT75D,Small Bat with Diamond Eyes Frontal',
ZBAT75BKD,Small Bat with Black Diamond Eyes Frontal',
ZBAT10RB,Large Bat with Ruby Eyes Frontal',
ZBAT10D,Large Bat with Diamond Eyes Frontal',
ZBAT10BKD,18K Large Bat with Black Diamond Eyes Frontal',
ZBARR7M,Matte Round 7mm Bar Frontal',
ZBARR7DM,7mm Matte Round Bar with Diamond Ends Frontal',
ZBARR7,Frontal 7mm Polishd Round 7mm Bar Threaded',
ZBARR18M,18mm 14k Matte Round Bar Frontal',
ZBARR18,18mm Polished Round Bar Frontal Only',
ZBARR11M,11mm Matte Round Bar Frontal',
ZBARR11DM,11mm Matte Round Bar with Diamond Ends Frontal',
ZBARR11,11mm Polished Round Bar Frontal',
ZBAR7PAD,7mm Square Diamond Bar Frontal Only',
ZBAR7MD3,7mm Matte Square Bar with 3 Side Diamonds Frontal',
ZBAR7M,7mm Matte Square Bar Frontal',
ZBAR7,7mm Polished Square Bar Threaded Frontal Only',
ZBAR18PAD,18mm Square Diamond Pave Bar Frontal',
ZBAR18MD3,18mm Matte Square Bar with 3 Diamond Ends Frontal',
ZBAR18M,18mm Matte Square Bar Frontal',
ZBAR11PAD,11mm Square Diamond Pave Bar Frontal',
ZBAR11MD3,11mm Matte Square Bar with 3 Diamond Ends Frontal',
ZBAR11M,11mm Matte Square Bar Frontal',
ZBAR11,11mm Polished Square Bar Frontal',
ZBAD,Diamond Baguette Frontal Only',
ZB4,4mm Gold Ball Frontal Only',
ZB3,3mm Gold Ball Frontal Only',
ZB25,2.5mm Gold Ball Frontal Only',
ZB2,2mm Gold Ball Frontal Only',
ZAR75D,7.5mm Diamond Arrow Frontal Only',
ZAR55D,18k 5.5mm Diamond Arrow Side Frontal (For Nipple)',
ZAR45D,18k 4.5mm Diamond Arrow Side Frontal (For Nipple)',
ZAR10D,10mm Diamond Arrow Frontal Only',
ZAJNDPE,Diamond and Pearl Ajna Frontal',
ZAJN3B,Ajna Dangle Frontal Only',
ZAJN,Plain Ajna Frontal Only',
Z6OP,6mm Bezel Set Opal Frontal only',
Z5OP,5mm Bezel Set Opal Frontal only',
Z5IVD2,Invisible Set 5 Diamond Open Curve Frontal',
Z5IVD,Invisibly Set 5 Diamond Closed Curve Frontal',
Z4TQ,4mm Turquoise Frontal Only',
Z4OP,4mm Bezel Set Opal Frontal Only',
Z4DTRD,Four Diamond Trinity Frontal Only',
Z4BTRTQ,Turquoise Four Ball Trinity Frontal Only',
Z4BTROP,Opal Four Ball Trinity Frontal Only',
Z4BTRD,Diamond Four Ball Trinity Frontal Only',
Z4BTR,Four Ball Trinity Frontal Only',
Z3TQ,3mm Turquoise Frontal Only',
Z3OP,3mm Natural Opal Frontal Only',
Z3IVD,Invisible Set 3 Diamond Curve Frontal',
Z3DTRDL,Large Diamond Trinity Frontal Only',
Z3DTRD,Diamond Trinity Frontal Only',
Z3CZ,3mm Cubic Zirconia Plain Bezel Frontal Only',
Z3BTRL,Large Three Ball Trinity Frontal',
Z3BTR,Three Ball Trinity Frontal Only',
Z32CZ,14k Cubic Zirconia 3-2 Dangle Frontal Only',
Z2TQ,2mm Turquoise Frontal Only',
Z2OP,2mm Natural Opal Frontal Only',
Z2BKD,18k 2mm Black Diamond Bezel Set Frontal Only',
Z15BKD,1.5mm Black Diamond Bezel Set Frontal Only',
XXMARK,X Marks The Spot Threaded Stud',P
XWB15D,Large Diamond Web Threaded Stud',P
XWB15BKD,Large Black Diamond Web Threaded Stud',P
XWB10D,10mm Diamond Web Threaded Stud',P
XWB10BKD,10mm Black Diamond Web Threaded Stud',P
XURPAPRS5BKD,5mm Black and White Diamond Pave Ouroboros Threaded Stud',P
XURPAPRS4BKD,4mm Black and White Diamond Pave Ouroboros Threaded Stud',P
XURPA5DOP,5mm Opal and Diamond Pave Ouroboros Threaded Stud',P
XURPA5D,5mm Diamond Pave Ouroboros Threaded Stud',P
XURPA4DOP,4mm Opal and Diamond Pave Ouroboros Threaded Stud',P
XURPA4D,4mm Diamond Pave Ouroboros Threaded Stud',P
XTNCOBRBBKD,Black Diamond Eyes and Ruby Hood Cobra Talon',P
XTNCOBDRB,Ruby Eyes and Diamond Hood Cobra Talon Earring',P
XTNCOBDD,Diamond Cobra Talon',P
XTNCOBBKDRB,Ruby Eyes and Black Diamond Hood Cobra Talon',P
XTNCOBBKDBKD,Black Diamond Cobra Talon',P
XTHMQD,18k Marquise Diamond Threaded Backing',
XTHD4,Large 14k Tash Threaded Disc Back',
XTHD2,Small 14k Tash Threaded Disc Back',
XTHBF6,Large 6mm Tash Threaded Ball Flower Back Only',
XTHBF2D,Individual Tash Threaded 2mm Diamond Backing',
XTHBF25D,Tash Threaded 2.5mm Diamond Backing',
XTHBF,Tash Threaded Ball Flower Back',
XTHBAD,Individual Tash Threaded Baguette Diamond Backing',
XSTARD,Diamond Solitaire Star Threaded Stud',P
XSTAR7D,7mm Diamond Star Threaded Stud',P
XSTAR55D,5.5mm Diamond Star Threaded Stud',P
XSTAR45D,4.5mm Diamond Star Threaded Stud',P
XSTAR,Plain Star Threaded Stud',P
XSQGPS,Pink Sapphire Princess Granulated Threaded Stud',P
XSQGBS,Blue Sapphire Princess Granulated Threaded Stud',P
XSQ4DTRD,Princess Cut Four Diamond Trinity Threaded Stud',P
XSQ3BTRD,Diamond Princess Cut Ball Trinity Threaded Stud',P
XSP3525,Spike Threaded Stud',P
XSNPA10RB,Large Diamond Pave Snake with Ruby Eyes Threaded Stud',P
XSNPA10D,Large Diamond Pave Snake Threaded Stud',P
XSNEG5RB,Small Engraved Snake with Ruby Eyes Threaded Stud',P
XSNEG5D,Small Engraved Snake with Diamond Eyes Threaded Stud',P
XSNEG5BKD,Small Engraved Snake with Black Diamond Eyes Threaded Stud',P
XSNEG10RB,Large Engraved Snake with Ruby Eyes Threaded Stud',P
XSNEG10D,Large Engraved Snake with Diamond Eyes Threaded Stud',P
XSNEG10BKD,Large Engraved Snake with Black Diamond Eyes Threaded Stud',P
XSN5RB,Small Snake with Ruby Eyes Threaded Stud',P
XSN5D,Small Snake with Diamond Eyes Threaded Stud',P
XSN5BKD,Small Snake with Black Diamond Eyes Threaded Stud',P
XSN10RB,Large Snake with Ruby Eyes Threaded Stud',P
XSN10D,Large Snake with Diamond Eyes Threaded Stud',P
XSN10BKD,Large Snake with Black Diamond Eyes Threaded Stud',P
XSK65OPM,Large Matte Skull with Opal Eyes Threaded Stud',P
XSK65DM,Large Matte Skull with Diamond Eyes Threaded Stud',P
XSK65BKDM,Large Matte Skull Black with Diamond Eyes Threaded Stud',P
XSK5RBM,Medium Matte Skull with Ruby Eyes Threaded Stud',P
XSK5RB,Medium Polished Skull with Ruby Eyes Threaded Stud',P
XSK5DM,Medium Matte Skull with Diamond Eyes Threaded Stud',P
XSK5BKDM,Medium Matte Skull with Black Diamond Eyes Threaded Stud',P
XSK4RB,Small Polished Skull with Ruby Eyes Threaded Stud',P
XSK4BKDM,Small Matte Skull with Black Diamond Eyes Threaded Stud',P
XSHSTAR,Plain Starburst Threaded Stud',P
XSCMQ4D,3.7mm Scalloped Marquise Diamond Threaded Stud',P
XSCETH1695D,16g 9.5mm Diamond Scalloped Horizontal Eternity Clicker',
XSCETH1695CZ,16g 9.5mm Cubic Zirconia scalloped Horizontal Eternity Clicker',
XSCETH168D,16g 8mm Diamond Scalloped Horizontal Eternity Clicker',
XSCETH168CZ,16g 8mm Cubic Zirconia scalloped Horizontal Eternity Clicker',
XSCETH1665CZ,16g 6.5mm Cubic Zirconia scalloped Horizontal Eternity Clicker',
XSCEG4CZ,4mm Cubic Zirconia Engraved Cup Threaded Stud',P
XSCEG3CZ,3mm Cubic Zirconia Engraved Cup Threaded Stud',P
XSCD32D,3mm-2mm Scalloped Set Diamond Dangle Threaded Stud',P
XSC3PKD,3mm Pink Diamond Scalloped Set Threaded Stud',P
XSC3PD,3mm Purple Diamond Scalloped Set Threaded Stud',P
XSC3D,3mm Scalloped Set Diamond Threaded Stud',P
XSC3BKD,3mm Black Diamond Scalloped Threaded Stud',P
XSC3BD,3mm Blue Diamond Scalloped Set Threaded Stud',P
XSC2PKD,2mm Pink Diamond Scalloped Set Threaded Stud',P
XSC2PD,2mm Purple Diamond Scalloped Set Threaded Stud',P
XSC2D,2mm Scalloped Set Diamond Threaded Stud',P
XSC2BKD,2mm Black Diamond Scalloped Set Threaded Stud',P
XSC2BD,2mm Blue Diamond Scalloped Set Threaded Stud',P
XSC25D,2.5mm Scalloped Set Diamond Threaded Stud',P
XSC25BKD,2.5mm Black Diamond Scalloped Set Threaded Stud',P
XSC15PKD,1.5mm Pink Diamond Scalloped Set Threaded Stud',P
XSC15PD,1.5mm Purple Diamond Scalloped Set Threaded Stud',P
XSC15D,1.5mm Scalloped Set Diamond Threaded Stud',P
XSC15BKD,1.5mm Black Diamond Scalloped Set Threaded Stud',P
XSC15BD,1.5mm Blue Diamond Scalloped Set Threaded Stud',P
XSC12D,1.2mm Scalloped Set Diamond Threaded Stud',P
XRUR95OPBKD,9.5mm Opal and Black Diamond Ouroboros Ring',P
XRUR95DRB,9.5mm Ruby and Diamond Ouroboros Ring',P
XRUR95DD,9.5mm Diamond Ouroboros Ring',P
XRUR95DBKD,9.5mm White and Black Diamond Ouroboros Ring',P
XRUR8OPBKD,8mm Opal and Black Diamond Ouroboros Ring',P
XRUR8DRB,8mm Ruby and Diamond Ouroboros Ring',P
XRUR8DD,8mm Diamond Ouroboros Ring',P
XRUR8DBKD,8mm White and Black Diamond Ouroboros Ring',P
XRUR65OPD,6.5mm Opal and Diamond Ouroboros Ring',P
XRUR65OPBKD,6.5mm Opal and Black Diamond Ouroboros Ring',P
XRUR65DD,6.5mm Diamond Ouroboros Ring',P
XRUR65DBKD,6.5mm Black Diamond Ouroboros Ring',P
XRSPJ8,8mm Javanese Spike Clicker Ring',P
XRSC95OP,9.5mm Scalloped Set Opal Ring',P
XRSC95D,9.5mm Scalloped Diamond Clicker',P
XRSC8OP,8mm Scalloped Set Opal Ring',P
XRSC8D,8mm Scalloped Diamond Clicker',P
XRSC65OP,6.5mm Scalloped Set Opal Ring',P
XRSC65D,6.5mm Scalloped Diamond Clicker',P
XRSC5OP,5mm Scalloped Set Opal Ring',P
XRSC5D,5mm Scalloped Diamond Clicker',P
XRSC125D,12.5mm Scalloped Diamond Clicker',P
XRSC11D,11mm Scalloped Diamond Clicker',P
XRS95,9.5mm 20g Seamless Ring',
XRS8,8mm 20g Seamless Ring',
XRS65,6.5mm 20g Seamless Ring',
XRS5,5mm 20g Seamless Ring',
XRS1895,9.5mm 18g Seamless Ring',
XRS188,8mm 18g Seamless Ring',
XRS1865,6.5mm 18g Seamless Ring',
XRS1816,15.5mm 18g Seamless Ring',
XRS1814,14mm 18g Seamless Ring',
XRS18125,12.5mm 18g Seamless Ring',
XRS1811,11mm 18g Seamless Ring',
XRS11,11mm 20g Seamless Ring',
XRNB95PS,9.5mm Pink Sapphire Indian Bead Ring',P
XRNB95D,9.5mm Diamond Indian Bead Ring',P
XRNB95BS,9.5mm Blue Sapphire Indian Bead Ring',P
XRNB8PS,8mm Pink Sapphire Indian Bead Ring',P
XRNB8D,8mm Diamond Indian Bead Ring',P
XRNB8BS,8mm Blue Sapphire Indian Bead Ring',P
XRNB3D8DPS,8mm Diamond Indian Bead Ring Diamond Pink Sapphire Dangles',P
XRNB3BD8PS,8mm Pink Sapphire Indian Bead Ring Briolette Ball Dangles',P
XRNB3BD8BS,8mm Blue Sapphire Indian Bead Ring Briolette Ball Dangles',P
XRHFB95CZ,9.5mm Fixed Horizontal Cubic Zirconia Ring',
XRHFB8CZ,8mm Fixed Horizontal Cubic Zirconia Ring',
XRHFB65CZ,6.5mm Fixed Horizontal Cubic Zirconia Ring',
XRFB95TQ,9.5mm Vertical Turquoise Fixed Bead Ring',
XRFB95CZ,9.5mm Fixed Cubic Zirconia Ring',
XRFB95,20ga 9.5mm Fixed Ball Ring',
XRFB8TQ,8mm Vertical Turquoise Fixed Bead Ring',
XRFB8CZ,8mm Fixed Cubic Zirconia Ring',
XRFB8,20ga 8mm Fixed Ball Ring',
XRFB65TQ,6.5mm Turquoise Fixed Bead Ring',
XRFB65CZ,6.5mm Fixed Cubic Zirconia Ring',
XRFB65,20ga 6.5mm Fixed Ball Ring',
XRFB5CZ,5mm Fixed Cubic Zirconia Ring',
XRFB5,20ga 5mm Fixed Ball Ring',
XRFB1895,18g 9.5mm Fixed Ball Ring',
XRFB188,18g 8mm Fixed Ball Ring',
XRFB1865,18 ga 6.5mm Fixed Ball Ring',
XRFB185,18g 5mm Fixed Ball Ring',
XRFB1695,16g 9.5mm Fixed Ball Ring',
XRFB168,16g 8mm Fixed Ball Ring',
XRCOBOP95DRB,9.5mm Cobra Clicker with Opal Head and Ruby Eyes',P
XRCOBOP95BKD,9.5mm Opal Cobra Ring with Black Diamond Eyes',P
XRCOBOP8DRB,8mm Cobra Clicker with Opal Head and Ruby Eyes',P
XRCOBOP8DBKD,8mm Cobra Clicker with Opal Head and Black Diamond Eyes',P
XRCOBD95RB,9.5mm Cobra Clicker with Diamond Head and Ruby Eyes',P
XRCOBD95BKD,9.5mm Cobra Ring with Black Diamond Eyes',P
XRCOBD8RB,8mm Cobra Clicker with Ruby Eyes',P
XRCOBD8BKD,8mm Cobra Ring with Black Diamond Eyes',P
XRCOBD65D,6.5mm Diamond Cobra Clicker',P
XRCOBD65BKD,6.5mm Cobra Ring with Black Diamond Eyes',P
XR95,9.5mm Plain Ring',P
XR8,8mm Plain Ring',P
XR65,6.5mm Plain Ring',P
XR5,5mm Plain Ring',P
XR3SPL95TQ,9.5mm Triple Long Turquoise Spike Clicker',P
XR3SPL95OP,9.5mm Triple Long Opal Spike Clicker',P
XR3SPL95BROP,9.5mm Triple Long Black-Red Opal Spike Clicker',P
XR3SPL95BKOP,9.5mm Triple Long Black Opal Spike Clicker',P
XR3SPL95,9.5mm Triple Long Spike Clicker',P
XR3SPL8TQ,8mm Triple Long Turquoise Spike Clicker',P
XR3SPL8OP,8mm Triple Long Opal Spike Clicker',P
XR3SPL8BROP,8mm Triple Long Black-Red Opal Spike Clicker',P
XR3SPL8BKOP,8mm Triple Long Black Opal Spike Clicker',P
XR3SPL8,8mm Triple Long Spike Clicker',P
XR3SPL65TQ,6.5mm Triple Long Turquoise Spike Clicker',P
XR3SPL65OP,6.5mm Triple Long Opal Spike Clicker',P
XR3SPL65BROP,6.5mm Triple Long Black-Red Opal Spike Clicker',P
XR3SPL65BKOP,6.5mm Triple Long Black Opal Spike Clicker',P
XR3SPL65,6.5mm Triple Long Spike Clicker',P
XR3SPGR8,8mm Triple Short Spike Granulated Clicker',P
XR3SPG95TQ,9.5mm Triple Short Turquoise Spike Granulated Clicker',P
XR3SPG95OP,9.5mm Triple Short Opal Spike Granulated Clicker',P
XR3SPG95BKOP,9.5mm Triple Short Black Opal Spike Granulated Clicker',P
XR3SPG95,9.5mm Triple Short Spike Granulated Clicker',P
XR3SPG8TQ,8mm Triple Short Turquoise Spike Granulated Clicker',P
XR3SPG8OP,8mm Triple Short Opal Spike Granulated Clicker',P
XR3SPG8BROP,8mm Triple Short Black-Red Opal Spike Granulated Clicker',P
XR3SPG8BKOP,8mm Triple Short Black Opal Spike Granulated Clicker',P
XR3SPG65TQ,6.5mm Triple Short Turquoise Spike Granulated Clicker',P
XR3SPG65OP,6.5mm Triple Short Opal Spike Granulated Clicker',P
XR3SPG65BKOP,6.5mm Triple Short Black Opal Spike Granulated Clicker',P
XR3SPG65,6.5mm Triple Short Spike Granulated Clicker',P
XR3SP95TQ,9.5mm Triple Short Turquoise Spike Clicker',P
XR3SP95OP,9.5mm Triple Short Opal Spike Clicker',P
XR3SP95BKOP,9.5mm Triple Short Black Opal Spike Clicker',P
XR3SP95,9.5mm Triple Short Spike Clicker',P
XR3SP8TQ,8mm Triple Short Turquoise Spike Clicker',P
XR3SP8OP,8mm Triple Short Opal Spike Clicker',P
XR3SP8BKOP,8mm Triple Short Black Opal Spike Clicker',P
XR3SP8,8mm Triple Short Spike Clicker',P
XR3SP65TQ,6.5mm Triple Short Turquoise Spike Clicker',P
XR3SP65OP,6.5mm Triple Short Opal Spike Clicker',P
XR3SP65BKOP,6.5mm Triple Short Black Opal Spike Clicker',P
XR3SP65,6.5mm Triple Short Spike Clicker',P
XR2C8,8mm Plain Ring with 2 Chains',P
XR2C65,6.5mm Plain Ring with 2 Chains',P
XR1SP95,9.5mm Single Spike Ring',P
XR1SP8TQ,8mm Single Short Turquoise Spike Clicker',P
XR1SP8OP,8mm Single Short Opal Spike Clicker',P
XR1SP8BROP,8mm Single Short Black-Red Opal Spike Clicker',P
XR1SP8BKOP,8mm Single Short Black Opal Spike Clicker',P
XR1SP8,8mm Single Short Spike Clicker',P
XR1SP65TQ,6.5mm Single Short Turquoise Spike Clicker',P
XR1SP65OP,6.5mm Single Short Opal Spike Clicker',P
XR1SP65BROP,6.5mm Single Short Black-Red Opal Spike Clicker',P
XR1SP65BKOP,6.5mm Single Short Black Opal Spike Clicker',P
XR1SP65,6.5mm Single Short Spike Clicker',P
XR1SP5,5mm Single Spike Clicker',P
XR1695T,16g 9.5mm Titanium Ring',
XR1695,16g 9.5mm Plain Clicker',P
XR168T,16g 8mm Titanium Ring',
XR168,16g 8mm Plain Clicker',P
XR1665,16g 6.5mm Plain Clicker',P
XR165,16g 5mm Plain Clicker',
XR16125,16g 12.5mm Plain Ring',P
XR1611,16g 11mm Plain Ring',P
XR1495T,14g 9.5mm Titanium Ring',
XR1495,14g 9.5mm Plain Clicker',P
XR148T,14g 8mm Titanium Ring',
XR148,14g 8mm Plain Clicker',P
XR1465,14g 6.5mm Plain Clicker',P
XR145,14g 5mm Plain Clicker',
XR1411,14g 11mm Plain Ring',P
XR128T,12g 8mm Titanium Ring',
XR125,12.5mm Plain Ring',P
XR11,11mm Plain Ring',P
XPK875M,8mm Padlock Clicker',P
XPK6565M,6.5mm Padlock Clicker',P
XPK565M,5mm Padlock Clicker',P
XPEAR,Plain Pear Shaped Tash Threaded Stud',P
XPE725D,7x5mm Pear Diamond Threaded Stud 2.5mm Diamond Back',P
XPE6MQ4D,6x4mm Pear Diamond Threaded Stud 4mm Marquise Diamond Back',P
XPE625D,6x4mm Pear Diamond Threaded Stud 2.5mm Diamond Back',P
XPAISRD,Diamond Paisley (Right) Threaded Stud',P
XPAISLD,Diamond Paisley (Left) Threaded Stud',P
XPACD,Diamond Micropave Open Circle Threaded Stud',P
XP3CZ,3mm Prong Set Cubic Zirconia Threaded Stud',P
XP2CZ,2mm Prong Set Cubic Zirconia Threaded Stud',P
XMTTDPS,Pink Sapphire and Diamond MT Tiara Threaded Stud',P
XMTTDOPSC2D,Opal Diamond Tiara with Dangle and 1 Chain Earstud',P
XMTTDOP,Diamond and Opal MT Tiara Threaded Stud',P
XMTTD,Diamond MT Tiara Threaded Stud',P
XMQ825D,8mm Marquise Diamond Threaded Stud',P
XMQ725D,7mm Marquise Diamond Threaded Stud',P
XMQ625D,6mm by 3mm Marquise Diamond Threaded Stud',P
XMNSPAD,Small Diamond Moon Threaded Stud',P
XMNPAD,Diamond Moon Threaded Stud',P
XMMTD,Diamond Mini MT Crown Tash Threaded Stud',P
XLOTEGD625D,6mm Diamond Engraved Lotus with Dangle Threaded Stud',P
XLOTEG615D,6mm Diamond Engraved Lotus Threaded Stud',P
XLOTEG42D,4mm Diamond Engraved Lotus Threaded Stud',P
XLOTEG315D,3mm Diamond Engraved Lotus Threaded Stud',P
XLOTD625D,6mm Invisible Diamond Lotus with Dangle Threaded Stud',P
XLOT615D,6mm Invisible Diamond Lotus Threaded Stud',P
XLB11D,11mm Diamond Lightning Bolt Threaded Stud',P
XLB11BKD,11mm Black Diamond Lightning Bolt Threaded Stud',P
XIVFL85D,8.5mm Invisible Set Diamond Flower Threaded Stud',P
XIVFL6D,6mm Invisible Set Diamond Flower Threaded Stud',P
XIVD32D,3mm-2mm Invisible Set Diamond Dangle Threaded Stud',P
XIVD215D,2mm-1.5mm Invisible Set Diamond Dangle Threaded Stud',P
XIVD1C32D,3mm-2mm Invisible Diamond Dangle Chain Wrap Earstud',P
XIV5DSC25D,5.2mm Invisible Diamond Threaded Stud with 2.5mm Diamond Back',P
XIV5D,5.2mm Invisible Set Diamond Threaded Stud',P
XIV4DSC2D,4.1mm Invisible Diamond Threaded Stud with 2mm Diamond Back',P
XIV4D,4.1mm Invisible Set Diamond Threaded Stud',P
XIV47DSC25D,4.7mm Invisible Diamond Threaded Stud with 2.5mm Diamond Back',P
XIV47D,4.7mm Invisible Set Diamond Threaded Stud',P
XIV3PKD,3mm Invisible Pink Diamond Threaded Stud',P
XIV3D,3mm Invisible Set Diamond Threaded Stud',P
XIV3BD,3mm Invisible Set Blue Diamond Threaded Stud',P
XIV38DSC2D,3.8mm Invisible Set Diamond with 2mm Dangle Threaded Stud',P
XIV38D,3.8mm Invisible Set Diamond Threaded Stud',P
XIV35D,3.5mm Invisible Set Diamond Threaded Stud',P
XIV2PKD,2mm Invisible Set Pink Diamond Threaded Stud',P
XIV2PD,2mm Invisible Set Purple Diamond Threaded Stud',P
XIV2D,2mm Invisible Set Diamond Threaded Stud',P
XIV25PD,2.5mm Invisible Set Purple Diamond Threaded Stud',P
XIV25D,2.5mm Invisible Set Diamond Threaded Stud',P
XIV25BD,2.5mm Invisible Set Blue Diamond Threaded Stud',P
XIV15D,1.5mm Invisible Set Diamond Threaded Stud',P
XIV15BD,1.5mm Invisible Set Blue Diamond Threaded Stud',P
XHN95,16g 9.5mm Hiranya Clicker',
XHN8,16g 8mm Hiranya Clicker',
XHN65,16g 6.5mm Hiranya Clicker',
XHN168T,16g 8mm Titanium Hiranya Clicker',
XHN1495,14g 9.5mm Hiranya Clicker',
XHN148,14g 8mm Hiranya Clicker',
XHEART,Heart Threaded Stud',P
XHCNDFLDPEPS,Pearl Coronet Hoops Diamond Flower Pink Sapphire Briolettes',P
XHC8,8mm Single Handcuff Clicker Ring',P
XHC65D,6.5mm Diamond Handcuff Clicker Ring',P
XHC65,6.5mm Single Handcuff Clicker Ring',P
XG5OP,5 Opal Garland Threaded Stud',P
XG3TQ,2.75mm Turquoise Starburst Threaded Stud',P
XG3RB,2.75mm Ruby Starburst Threaded Stud',P
XG3PS,2.75mm Pink Sapphire Starburst Threaded Stud',P
XG3OP,2.75mm Opal Starburst Threaded Stud',P
XG3CZ,2.75mm Cubic Zirconia Starburst Threaded Stud',P
XG3BS,2.75mm Blue Sapphire Starburst Threaded Stud',P
XFLR55D3CBAD,5.5mm Diamond Flower Threaded Stud Pear 3 Chains Baguette',P
XFLPED,Pear-Cut Diamond Flower Threaded Stud',P
XFLP8OP,8mm Opal and Diamond Pansy Threaded Stud',P
XFLP8BKD,8mm Black Diamond Pansy Threaded Stud',P
XFLP55OP,5.5mm Opal and Diamond Pansy Threaded Stud',P
XFLDM65OP,6.5mm Opal Flower Threaded Stud',P
XFLD75OP,7.5mm Opal Flower with Diamond Center Threaded Stud',P
XFLD65OP,6.5mm Opal Flower with Diamond Center Threaded Stud',P
XFLD5OP,5mm Opal Flower with Diamond Center Threaded Stud',P
XFLD55D,5.5mm Diamond Flower with Dangle Threaded Stud',P
XFLD45D1CH,4.5mm Diamond Flower Traditional Stud 1.5mm Dangle Chain Wrap',P
XFLD45D,4.5mm Diamond Flower and Dangle Threaded Stud',P
XFL7PKD,7mm Pink Diamond Flower Threaded Stud',P
XFL7PD,7mm Purple Diamond Flower Threaded Stud',P
XFL7DPE,7mm Pearl Flower with Diamond Center Threaded Stud',P
XFL7D,7mm Diamond Flower Threaded Stud',P
XFL7BD,7mm Blue Diamond Flower Threaded Stud',P
XFL55PKD,5.5mm Pink Diamond Flower Threaded Stud',P
XFL55PD,5.5mm Purple Diamond Flower Threaded Stud',P
XFL55D,5.5mm Diamond Flower Threaded Stud',P
XFL55CZ,5.5mm Cubic Zirconia Flower Threaded Stud',P
XFL55BKD,5.5mm Black Diamond Flower Threaded Stud',P
XFL55BD,5.5mm Blue Diamond Flower Threaded Stud',P
XFL45PKD,4.5mm Pink Diamond Flower Threaded Stud',P
XFL45PD,4.5mm Purple Diamond Flower Threaded Stud',P
XFL45D,4.5mm Diamond Flower Threaded Stud',P
XFL45CZ,4.5mm Cubic Zirconia Flower Threaded Stud',P
XFL45BKD,4.5mm Black Diamond Flower Threaded Stud',P
XFL45BD,4.5mm Blue Diamond Flower Threaded Stud',P
XFL3D,3mm Diamond Flower Threaded Stud',P
XETTS95D,9.5mm Diamond Tassel Eternity Ring',P
XETTS8D,8mm Diamond Tassel Eternity Ring',P
XETTS8,8mm Gold Tassel Eternity Ring',P
XETTS65D,6.5mm Diamond Tassel Eternity Ring',P
XETTS65,6.5mm Gold Tassel Eternity Ring',P
XETSTAR8D38,8mm Diamond Constellation Eternity Ring',P
XETST9545D,9.5mm Diamond Star Eternity Clicker',P
XETST845D,8mm Diamond Star Eternity Ring',P
XETST6545D,6.5mm Diamond Star Eternity Ring',P
XETMQSC95OP,9.5mm Opal Marquise Scalloped Eternity Ring',P
XETMQSC95D,9.5mm Diamond Marquise Scalloped Eternity Ring',P
XETMQSC8OP,8mm Opal Marquise Scalloped Eternity Ring',P
XETMQSC8D,8mm Diamond Marquise Scalloped Eternity Ring',P
XETMQSC65OP,6.5mm Opal Marquise Scalloped Eternity Ring',P
XETMQSC65D,6.5mm Diamond Marquise Scalloped Eternity Ring',P
XETMQSC11OP,11mm Opal Marquise Scalloped Eternity Ring',P
XETMQIV95D,9.5mm Invisible Set Diamond Marquise Eternity Ring',P
XETMQIV8D,8mm Invisible Set Diamond Marquise Eternity Ring',P
XETMQIV65D,6.5mm Invisible Set Diamond Marquise Eternity Ring',P
XETMQIV11D,11mm Invisible Marquise Diamond Eternity Ring',P
XETIVBA95D,9.5mm Invisible Baguette Diamond Eternity Clicker',P
XETIVBA8D,8mm Invisible Baguette Diamond Eternity Clicker',P
XETIVBA65D,6.5mm Invisible Baguette Diamond Eternity Clicker',P
XETIV95D,9.5mm Invisible Set Diamond Eternity Ring',P
XETIV9524D,9.5mm Invisible Set Large Diamond Eternity Ring',P
XETIV8D,8mm Invisible Set Diamond Eternity Ring',P
XETIV8BD,8mm Blue Diamond Invisible Set Eternity Clicker',P
XETIV824D,8mm Invisible Set Large Diamond Eternity Ring',P
XETIV65D,6.5mm Diamond Invisible Set Eternity Ring',P
XETIV65BD,6.5mm Blue Diamond Invisible Set Eternity Clicker',P
XETIV6524D,6.5mm Invisible Set Large Diamond Eternity Ring',P
XETIV5D,5mm Invisible Set Diamond Eternity Ring',P
XETIV5BD,5mm Blue Diamond Invisible Set Eternity Clicker',P
XETIV524D,5mm Invisible Eternity with 2.4mm Diamonds',P
XETH1695TQ,16g 9.5mm Turquoise Horizontal Eternity Clicker',
XETH1695PE,16g 9.5mm Pearl Horizontal Eternity Clicker',
XETH1695OP,16g 9.5mm Opal Horizontal Eternity Clicker',
XETH1695D,16g 9.5mm Diamond Horizontal Eternity Clicker',
XETH1695CZ,16g 9.5mm Cubic Zirconia Horizontal Eternity Clicker',
XETH168TQ,16g 8mm Turquoise Horizontal Eternity Clicker',
XETH168PE,16g 8mm Pearl Horizontal Eternity Clicker',
XETH168OPT,16g 8mm Opal Titanium Horizontal Eternity Clicker',
XETH168OP,16g 8mm Opal Horizontal Eternity Clicker',
XETH168D,16g 8mm Diamond Horizontal Eternity Clicker',
XETH168CZT,16g 8mm Cubic Zirconia Titanium Horizontal Eternity Clicker',
XETH168CZ,16g 8mm Cubic Zirconia Horizontal Eternity Clicker',
XETH168BKCZT,16g 8mm Black Cubic Zirconia Titanium Horizontal Eternity Ring',
XETH168BKCZ,16g 8mm Black Cubic Zirconia Horizontal Eternity Clicker',
XETH1665TQ,16g 6.5mm Turquoise Horizontal Eternity Clicker',
XETH1665PE,16g 6.5mm Pearl Horizontal Eternity Clicker',
XETH1665OP,16g 6.5mm Opal Horizontal Eternity Clicker',
XETH1665CZ,16g 6.5mm Cubic Zirconia Horizontal Eternity Clicker',
XETH1611CZ,16g 11mm Cubic Zirconia Horizontal Eternity Clicker',
XETH1495TQ,14g 9.5mm Turquoise Horizontal Eternity Clicker',
XETH1495PE,14g 9.5mm Pearl Horizontal Eternity Clicker',
XETH1495OP,14g 9.5mm Opal Horizontal Eternity Clicker',
XETH1495CZ,14g 9.5mm Cubic Zirconia Horizontal Eternity Clicker',
XETH148TQ,14g 8mm Turquoise Horizontal Eternity Clicker',
XETH148PE,14g 8mm Pearl Horizontal Eternity Clicker',
XETH148OP,14g 8mm Opal Horizontal Eternity Clicker',
XETH148CZ,14g 8mm Cubic Zirconia Horizontal Eternity Clicker',
XET95TQ,9.5mm Turquoise Eternity Clicker',P
XET95PE,9.5mm Pearl Eternity Clicker',P
XET95OP,9.5mm Opal Eternity Clicker',P
XET95D26,9.5mm Diamond Eternity Ring',P
XET95D,9.5mm Diamond Front-Facing Eternity Ring',P
XET95BKD26,9.5mm Black Diamond Eternity Ring',P
XET8TQ,8mm Turquoise Eternity Clicker',P
XET8PE,8mm Pearl Eternity Clicker',P
XET8OP,8mm Opal Eternity Clicker',P
XET8D22,8mm Diamond Eternity Ring',P
XET8D,8mm Diamond Front-Facing Eternity Ring',P
XET8BKD22,8mm Black Diamond Eternity Ring',P
XET65TQ,6.5mm Turquoise Eternity Clicker',P
XET65PE,6.5mm Pearl Eternity Clicker',P
XET65OP,6.5mm Opal Eternity Clicker',P
XET65D,6.5mm Diamond Eternity Ring',P
XET65BKD,6.5mm Black Diamond Eternity Ring',P
XET5D,5mm Diamond Eternity Ring',P
XET5BKD,5mm Black Diamond Eternity Ring',P
XET3SPL95DTQ,9.5mm Triple Long Turquoise Spike Diamond Eternity Clicker',P
XET3SPL95DOP,9.5mm Triple Long Opal Spike Diamond Eternity Clicker',P
XET3SPL95DBKOP,9.5mm Triple Long Black Opal Spike Diamond Eternity Clicker',P
XET3SPL95D,9.5mm Triple Long Spike Diamond Eternity Clicker',P
XET3SPL8DTQ,8mm Triple Long Turquoise Spike Diamond Eternity Clicker',P
XET3SPL8DOP,8mm Triple Long Opal Spike Diamond Eternity Clicker',P
XET3SPL8DBKOP,8mm Triple Long Black Opal Spike Diamond Eternity Clicker',P
XET3SPL8D,8mm Triple Long Spike Diamond Eternity Clicker',P
XET3SPL65DTQ,6.5mm Triple Long Turquoise Spike Diamond Eternity Clicker',P
XET3SPL65DOP,6.5mm Triple Long Opal Spike Diamond Eternity Clicker',P
XET3SPL65DBKOP,6.5mm Triple Long Black Opal Spike Diamond Eternity Clicker',P
XET3SPL65D,6.5mm Triple Spike Diamond Eternity Clicker',P
XET2D95D,9.5mm Diamond Eternity with 2 Dangles',P
XET2D8D,8mm Diamond Eternity with 2 Dangles',P
XET2D65D,6.5mm Diamond Eternity with 2 Dangles',P
XET2CDBA65D,6.5mm Diamond Eternity with Baguette and 2 Chains',
XET2C2D8D,8mm Diamond Eternity with 2 Rounds and 2 Chains',
XET1SP95TQ,9.5mm Single Short Turquoise Spike Diamond Eternity Clicker',P
XET1SP95OP,9.5mm Single Short Opal Spike Diamond Eternity Clicker',P
XET1SP95BROP,9.5mm Single Short Black-Red Opal Spike Diamond Eternity Clicker',P
XET1SP95BKOP,9.5mm Single Short Black Opal Spike Diamond Eternity Clicker',P
XET1SP95,9.5mm Single Short Spike Diamond Eternity Clicker',P
XET1SP8TQ,8mm Single Short Turquoise Spike Diamond Eternity Clicker',P
XET1SP8OP,8mm Single Short Opal Spike Diamond Eternity Clicker',P
XET1SP8BROP,8mm Single Short Black-Red Spike Diamond Eternity Clicker',P
XET1SP8BKOP,8mm Single Short Black Opal Spike Diamond Eternity Clicker',P
XET1SP8,8mm Single Short Spike Diamond Eternity Clicker',P
XET1SP65TQ,6.5mm Single Short Turquoise Spike Diamond Eternity Clicker',P
XET1SP65OP,6.5mm Single Short Opal Spike Diamond Eternity Clicker',P
XET1SP65BROP,6.5mm Single Short Black-Red Opal Spike Diamond Eternity Clicker',P
XET1SP65BKOP,6.5mm Single Short Black Opal Spike Diamond Eternity Clicker',P
XET1SP65,6.5mm Single Short Spike Diamond Eternity Clicker',P
XET155D,15.5mm Diamond Eternity Ring',P
XET125D,12.5mm Diamond Eternity Ring',P
XET125BKD,12.5mm Black Diamond Eternity Ring',P
XET11D,11mm Diamond Eternity Ring',P
XET11BKD,11mm Black Diamond Eternity Ring',P
XDSLB22DOPRB,Opal and Diamond Long Sword with Ruby Drops Threaded Combination',P
XDSLB22DBKDRB,Black and White Diamond Long Sword with Ruby Drops Threaded Stud',P
XDSL22DOP,Opal and Diamond Long Sword Threaded Combination',P
XDSL22DBS,Blue Sapphire and Diamond Long Sword Threaded Combination',P
XDS5DOP,Opal and Diamond Small Sword Threaded Stud',P
XDS5D,Diamond Small Sword Threaded Stud',P
XDH95D,9.5mm Diamond Dhara Clicker',
XDH95CZ,9.5mm Cubic Zirconia Dhara Clicker',
XDH8D,8mm Diamond Dhara Clicker',
XDH8CZ,8mm Cubic Zirconia Dhara Clicker',
XDH65CZ,6.5mm Cubic Zirconia Dhara Clicker',
XDH1495CZ,9.5mm 14 gauge Cubic Zirconia Dhara Clicker',
XDH148CZ,8mm 14 gauge Cubic Zirconia Dhara Clicker',
XDGTR65RB,Diamond and Ruby Trinity Hilt Dagger Threaded Stud',P
XDGTR65OP,Diamond and Opal Trinity Hilt Dagger Threaded Stud',P
XDGTR65D,Diamond Trinity Hilt Dagger Threaded Stud',P
XDGTR65BKD,Black and White Diamond Trinity Hilt Dagger Threaded Stud',P
XDG65DOP,Opal and Diamond Dagger Threaded Stud',
XDG65D,Diamond Dagger Threaded Stud',P
XDG65BKD,Black Diamond Dagger Threaded Stud',P
XDG5D,Small Diamond Dagger Threaded Stud',P
XDELDPS,Pink Sapphire and Diamond Delia Threaded Stud',P
XDELDD1CH,Diamond Delia with Dangle Chain Wrap Earstud',P
XDELDBS|WHITE GOLD,Blue Sapphire and Diamond Delia Threaded Stud WHITE GOLD',P
XDELDBS,Blue Sapphire and Diamond Delia Threaded Stud',P
XDELD,Diamond Delia Threaded Stud',P
XDAL,Dala Dangle Threaded Stud',P
XCRT95D,9.5mm Diamond Crescent Reversible Clicker Ring',P
XCRT8D,8mm Diamond Crescent Reversible Clicker Ring',P
XCRT65D,6.5mm Diamond Crescent Reversible Clicker Ring',P
XCOBRAD|WHITE GOLD,Diamond Cobra Threaded Stud WHITE GOLD',P
XCOBRAD,Diamond Cobra Threaded Stud',P
XCND95PED,9.5mm Pearl Coronet Ring with Diamond Briolette',P
XCND95PEBKD,9.5mm Pearl Coronet Ring with Black Diamond Briolette',P
XCND95DBD,"3/8"" Blue Diamond Coronet with White Diamond Briolette'",P
XCND95D,9.5mm Diamond Coronet Ring with Briolette',P
XCND95CD,9.5mm Champagne Diamond Coronet with Briolette',P
XCND95BKD,"3/8"" Black Diamond Coronet Ring with Briolette'",P
XCND8PED,8mm Pearl Coronet Ring with Diamond Briolette',P
XCND8D,8mm Diamond Coronet Ring with Briolette',P
XCND8CD,8mm Champagne Diamond Coronet with Briolette',P
XCND8BKD,"5/16"" Black Diamond Coronet with Briolette true'",P
XCNBKD95D,9.5mm Black Diamond Coronet Ring with Diamond Briolette',P
XCNBKD95BKD,9.5mm Black Diamond Coronet with Black Diamond Briolette',P
XCNBKD8D,8mm Black Diamond Coronet Ring with Diamond Briolette',P
XCNBKD8BKD,8mm Black Diamond Coronet with Black Diamond Briolette',P
XCNBD95D,9.5mm Blue Diamond Coronet with Briolette',P
XCNBD8D,8mm Blue Diamond Coronet Ring with Briolette',P
XCN95PE,9.5mm Pearl Coronet Ring',P
XCN95D,9.5mm Diamond Coronet Ring',P
XCN95BKD,9.5mm Black Diamond Coronet Ring',P
XCN95BD,9.5mm Blue Diamond Coronet Ring',P
XCN8PE,8mm Pearl Coronet Ring',P
XCN8D,8mm Diamond Coronet Ring',P
XCN8CD,8mm Champagne Diamond Coronet',P
XCN8BKD,8mm Black Diamond Coronet Ring',P
XCN8BD,8mm Blue Diamond Coronet Ring',P
XCN65PE,6.5mm Pearl Coronet Ring',P
XCN65D,6.5mm Diamond Coronet Ring',P
XCN65BKD,6.5mm Black Diamond Coronet Ring',P
XCN65BD,6.5mm Blue Diamond Coronet Ring',P
XCN5PE,5mm Pearl Coronet Ring',P
XCLVD,Diamond Lucky Clover Threaded Stud',P
XCLV7DPS,7mm Diamond and Pink Sapphire Clover Threaded Stud',P
XCLV7DBS,7mm Diamond and Blue Sapphire Clover Threaded Stud',P
XCLV55DPS,5.5mm Diamond and Pink Sapphire Clover Threaded Stud',P
XCLV55DBS,5.5mm Diamond and Sapphire Clover Threaded Stud',P
XCL3OP,3 Opal Curve Threaded Stud',P
XCHTRD,Diamond Trillion Charm',
XCHSTAR55D,5.5mm Diamond Star Charm',
XCHSTAR45D,4.5mm Diamond Star Charm',
XCHSQD,2.5mm Diamond Princess Charm',
XCHSK5RB,5mm Ruby Eyes Polished Skull Charm',
XCHP75D,7mm by 5mm Pear Diamond Charm',
XCHP64D,6mm by 4mm Drilled Diamond Pear Charm',
XCHP53D,5mm by 3mm Pear Diamond Charm',
XCHMQ73D,7x3.5mm Marquise Diamond Charm',
XCHMQ63D,6mm by 3mm Marquise Diamond Charm',
XCHLB11D,Diamond Lightning Bolt Charm',
XCHFR2FP53D,Petite Floating Double Diamond Charm',
XCHDG5D,5mm Small Diamond Dagger Charm',
XCHBAR7PAD,7mm Pave Diamond Square Bar Charm',
XCHBAD,3mm Diamond Baguette Charm',
XCFL5D,Diamond 5 Flower Garland Threaded Stud',P
XC3STD,Diamond Star Garland Threaded Stud',P
XC3FLOP,Three Opal and Diamond Flower Garland Threaded Stud',P
XC3FLD,Diamond 3 Flower Garland Threaded Stud',P
XBYMQD,Diamond Marquise Butterfly Threaded Stud',P
XBYMQCZ,Cubic Zirconia Marquise Butterfly Threaded Stud',P
XBY4D,Diamond Butterfly Threaded Stud',P
XBS18DOP2,18mm Diamond and Opal Bent Broadsword Threaded',P
XBS18DOP,18mm Diamond and Opal Broadsword Threaded',P
XBS18DBS,Blue Sapphire and Diamond Broadsword Threaded Combination',P
XBRT3TQ,3mm Natural Turquoise Thin Braid Threaded Stud',P
XBRT3PS,3mm Pink Sapphire Thin Braid Threaded Stud',P
XBRT3OP,3mm Opal Thin Braid Threaded Stud',P
XBRT3CZ,3mm Cubic Zirconia Thin Braid Threaded Stud',P
XBRT3BS,3mm Blue Sapphire Thin Braid Threaded Stud',P
XBRT2OP,2mm Opal Thin Braid Threaded Stud',P
XBRT2CZ,2mm Cubic Zirconia Thin Braid Threaded Stud',P
XBRKRB,Ruby Broken Braid Threaded Stud',P
XBRKPS,Pink Sapphire Broken Braid Threaded Stud',P
XBRKCZ,Cubic Zirconia Broken Braid Threaded Stud',P
XBRKBS,Blue Sapphire Broken Braid Threaded Stud',P
XBO9D,9mm Diamond Bone Threaded Stud',P
XBO7D,7mm Diamond Bone Threaded Stud',P
XBF,Ball Flower Threaded Stud',P
XBAT75RB,Small Bat with Ruby Eyes Threaded Stud',P
XBAT75D,Small Bat with Diamond Eyes Threaded Stud',P
XBAT75BKD,Small Bat with Black Diamond Eyes Threaded Stud',P
XBAT10RB,Large Bat with Ruby Eyes Threaded Stud',P
XBAT10D,Large Bat with Diamond Eyes Threaded Stud',P
XBAT10BKD,Large Bat with Black Diamond Eyes Threaded Stud',P
XBARR7M,7mm Matte Round Bar Threaded Stud',P
XBARR7DM,7mm Matte Round Bar with Diamond Ends Threaded Stud',P
XBARR7,7mm Polished Round Bar Threaded Stud',P
XBARR18M,18mm Matte Round Bar Threaded Stud',P
XBARR18,18mm Polished Round Bar Threaded Stud',P
XBARR11M,11mm Matte Round Bar Threaded Stud',P
XBARR11DM,11mm Matte Round Bar with Diamond Ends Threaded Stud',P
XBARR11,11mm Polished Round Bar Threaded Stud',P
XBAR7PAD,7mm Square Diamond Pave Bar Threaded Stud',P
XBAR7MD3,7mm Matte Square Bar with 3 Diamond Ends Threaded Stud',P
XBAR7M,7mm Matte Square Bar Threaded Stud',P
XBAR7,7mm Polished Square Bar Threaded Stud',P
XBAR18PAD,18mm Square Diamond Pave Bar Threaded Stud',P
XBAR18MD3,18mm Matte Square Bar with 3 Diamond Ends Threaded Stud',P
XBAR18M,18mm Matte Square Bar Threaded Stud',P
XBAR11PAD,11mm Square Diamond Pave Bar Threaded Stud',P
XBAR11MD3,11mm Matte Square Bar with 3 Diamond Ends Threaded Stud',P
XBAR11M,11mm Matte Square Bar Threaded Stud',P
XBAR11,11mm Polished Square Bar Threaded Stud',P
XBADTRD,Baguette and Trillion Chain Wrap Earstud',P
XBAD,Diamond Baguette Threaded Stud',P
XB3,3mm Ball Threaded Stud',P
XB25,2.5mm Ball Threaded Stud',P
XB2,2mm Ball Threaded Stud',P
XAR75D,7.5mm Diamond Arrow Threaded Stud',P
XAR55D,Double Diamond Arrow Complete Nipple Barbell',
XAR45D,4.5mm Double Diamond Arrow Complete Nipple Barbell',
XAR10D,10mm Diamond Arrow Threaded Stud',P
XAPM65IVD,6.5mm Invisible Diamond Demi Apsara Threaded Stud',
XAPM65D,6.5mm Diamond Demi Apsara Threaded Stud',
XAP95D,9.5mm Diamond Apsara Clicker',
XAP95CZOP,9.5mm Opal and Cubic Zirconia Apsara Clicker',
XAP95CZ,9.5mm Cubic Zirconia Apsara Clicker',
XAP8D,8mm Diamond Apsara Clicker',
XAP8CZOP,8mm Opal and Cubic Zirconia Apsara Clicker',
XAP8CZ,8mm Cubic Zirconia Apsara Clicker',
XAP65D,6.5mm 16g Diamond Apsara Clicker',
XAP65CZ,6.5mm Cubic Zirconia Apsara Clicker',
XAP148CZ,8mm 14g Cubic Zirconia Apsara Clicker',
XAP1465CZ,6.5mm 14g Cubic Zirconia Apsara Clicker',
XAJNDPE,Diamond and Pearl Ajna Threaded Stud',P
XAJN3B,Ajna Dangle Threaded Stud',P
XAJN,Ajna Threaded Stud',P
X5PA95DTQ2,9.5mm Turquoise and Diamond Pave Ring (Bottom Hinge)',P
X5PA95DR2,9.5mm Ruby and Diamond Pave Ring (Bottom Hinge)',P
X5PA95DOP2,9.5mm Opal and Diamond Pave Ring (bottom hinge)',P
X5PA95DBKD2,9.5mm Black and White Diamond Five Row Pave Ring (Bottom Hinge)',P
X5PA95D2,9.5mm Diamond Five Row Pave Ring (Bottom Hinge)',P
X5PA95D,9.5mm Diamond Five Row Pave Ring (Top Hinge)',P
X5PA8DTQ2,8mm Turquoise and Diamond Five Row Pave Ring (Bottom Hinge)',P
X5PA8DR2,8mm Ruby and Diamond Pave Ring (Bottom Hinge)',P
X5PA8DOP2,8mm Opal and Diamond Pave Ring (Bottom Hinge)',P
X5PA8DBKD2,8mm Black and White Diamond Pave Ring (Bottom Hinge)',P
X5PA8D2,8mm Diamond Five Row Pave Ring (Bottom Hinge)',P
X5PA8D,8mm Diamond Five Row Pave Ring (Top Hinge)',P
X5PA8BKD2,8mm Black Diamond 5 Row Pave Ring (Bottom Hinge)',P
X5PA65DTQ2,6.5mm Turquoise and Diamond Five Row Pave Ring (Bottom Hinge)',P
X5PA65DR2,6.5mm Diamond and Ruby Pave Ring (Bottom Hinge)',P
X5PA65DOP2,6.5mm Opal and Diamond Pave Ring (Bottom Hinge)',P
X5PA65DBKD2,6.5mm Black and White Diamond Pave Ring (Bottom Hinge)',P
X5PA65D2,6.5mm Diamond Five Row Pave Ring (Bottom Hinge)',P
X5PA65D,6.5mm Diamond Five Row Pave Ring (Top Hinge)',P
X5PA5DTQ2,5mm Turquoise and Diamond Pave Ring',P
X5PA5DOP2,5mm Opal and Diamond Pave Ring',P
X5PA5DBKD,5mm Black and White Diamond Pave Ring',P
X5PA5D,5mm Diamond Five Row Pave Ring',P
X5OP,5mm Opal Threaded Stud',P
X5IVD2,Invisible Set 5 Diamond Open Curve Threaded Stud',P
X4TQ,4mm Turquoise Threaded Stud',P
X4OP,4mm Opal Threaded Stud',P
X4DTRD,Four Diamond Trinity Threaded Stud',P
X4BTRTQ,Turquoise Four Ball Trinity Threaded Stud',P
X4BTROP,Opal Four Ball Trinity Threaded Stud',P
X4BTRD,Diamond Four Ball Trinity Threaded Stud',P
X4BTR,Four Ball Trinity Threaded Stud',P
X3TQ,3mm Turquoise Threaded Stud',P
X3PTR953D,9.5mm 3mm Diamond Princess Trillion Ring (Rotating)',
X3PTR83D,8mm 3mm Diamond Princess Trillion Ring (Rotating)',P
X3PTR653D,6.5mm 3mm Diamond Princess Trillion Ring (Rotating)',P
X3PH1695OP,16g 9.5mm Opal Horizontal Princess Clicker',
X3PH1695CZT,16g 9.5mm Cubic Zirconia Titanium Horizontal Princess Clicker',
X3PH1695CZ,16g 9.5mm Cubic Zirconia Horizontal Princess Clicker',
X3PH168OPT,16g 8mm Opal Titanium Horizontal Princess Clicker',
X3PH168OP,16g 8mm Opal Horizontal Princess Clicker',
X3PH168CZT,16g 8mm Cubic Zirconia Titanium Horizontal Princess Clicker',
X3PH168CZ,16g 8mm Cubic Zirconia Horizontal Princess Clicker',
X3PH1495OP,14g 9.5mm Opal Horizontal Princess Clicker',
X3PH1495CZT,14g 9.5mm Cubic Zirconia and Titanium Horizontal Princess Clicke',
X3PH1495CZ,14g 9.5mm Cubic Zirconia Horizontal Princess Clicker',
X3PH148OPT,14g 8mm Opal Titanium Horizontal Princess Clicker',
X3PH148OP,14g 8mm Opal Horizontal Princess Clicker',
X3PH148D,14g 8mm Diamond Horizontal Princess Clicker',
X3PH148CZT,14g 8mm Cubic Zirconia Titanium Horizontal Princess Clicker',
X3PH148CZ,14g 8mm Cubic Zirconia Horizontal Princess Clicker',
X3PH1465CZ,14g 6.5mm Cubic Zirconia Horizontal Princess Clicker',
X3PAIV95D,9.5mm 3 Invisible Diamond Rows Pave Ring',
X3PAIV8D,8mm 3 Invisible Diamond Rows Pave Ring',P
X3PAIV65D,6.5mm 3 Row Invisible Diamond Pave Ring',P
X3PAIV11D,11mm 3 Invisible Diamond Rows Pave Ring',
X3P952D,9.5mm 2mm Diamond Princess Ring',P
X3P83DPS,8mm 3mm Pink Sapphire and Diamond Princess Ring',P
X3P83DBS,8mm 3mm Blue Sapphire and Diamond Princess Ring',P
X3P83D,8mm 3mm Diamond Princess Ring',P
X3P82D,8mm 2mm Diamond Princess Ring',P
X3P653DPS,6.5mm 3mm Pink Sapphire and Diamond Princess Ring',P
X3P653DBS,6.5mm 3mm Blue Sapphire and Diamond Princess Ring',P
X3P653D,6.5mm 3mm Diamond Princess Ring',P
X3P652D,6.5mm 2mm Diamond Princess Ring',P
X3P52DPS,5mm 2mm Pink Sapphire Princess Clicker',P
X3P52D,5mm 2mm Diamond Princess Ring',P
X3OP,3mm Opal Threaded Stud',P
X3IVD,Invisible Set 3 Diamond Curve Threaded Stud',P
X3ETC565D,6.5mm Diamond Eternity Ring with 6.5mm and 5mm Cuffs',
X3ET65D,6.5mm Diamond Eternity Ring and Two Cuffs',P
X3DTRDL,Large Diamond Trinity Threaded Stud',P
X3DTRD,Diamond Trinity Threaded Stud',P
X3DTRBKD,Black Diamond Trinity Threaded Stud',P
X3BTRL,Large Three Ball Trinity Threaded Stud',P
X3BTR,Ball Trinity Threaded Stud',P
X2TQ,2mm Turquoise Threaded Stud',P
X2TNDBATRD,Baguette Diamond Talon with Trillion Dangle Threaded Combination',P
X2TNDBASQD,Baguette Diamond Talon with Princess Dangle Threaded Combination',P
X2TNBAD,Baguette Diamond Talon Threaded Combination',P
X2TN813D,Short Talon with Diamonds Threaded Stud',P
X2PE,2mm Natural Pearl Threaded Stud',P
X2OP,2mm Opal Threaded Stud',P
X2HN8,8mm Double Sided Hiranya Clicker',P
X2HCCS8D,8mm Double Sided Diamond Handcuff Clickers with Short Chain',P
X2HCCS8,8mm Handcuff Clickers with Short Chain',P
X2HCCS65DD,6.5mm Double Sided Diamond Handcuff Clickers with Short Chain',P
X2HCCS65D,6.5mm Diamond Handcuff Clickers with Short Chain',P
X2HCCS65,6.5mm Handcuff Clickers with Short Chain',P
X2HCCM8D,8mm Double Sided Diamond Handcuff Clickers with Medium Chain',P
X2HCCM8,8mm Handcuff Clickers with Medium Chain',P
X2HCCM65DD,6.5mm Double Sided Diamond Handcuff Clickers with Medium Chain',P
X2HCCM65D,6.5mm Diamond Handcuff Clickers with Medium Chain',P
X2HCCM65,6.5mm Handcuff Clickers with Medium Chain',P
X2ETC565D,6.5mm Diamond Eternity Ring and 5mm Cuff',P
X2ET65D,6.5mm Diamond Eternity Ring and Cuff',P
X2EB3CFLMQCPED,Diamond Flower Marquise and Pear Chain Orbital',P
X2EB3CDELMQ3CD,Diamond Delia and Marquise Dangle Chain Orbital',P
X2EB2SC1CH76D,1 Chain 2 Scalloped Diamond Two Earring Back',P
X2EB2CH65,2 Chain 2 Earring Back Connector',P
X2EB2C5C2MQPED,Diamond Round Marquise and Pear Chain Orbital',P
X2EB2C3SC3PETRD,Diamond Scalloped Round and Pear Trinity Orbital',P
X2EB1SC2D,2mm Diamond and Chain Orbit Joining 2 Piercings',P
X2EB1CH76,1 Chain Two Earring Back Connector',P
X2C2ETC65D,Diamond 6.5mm Eternity Ring and Cuff with 2 Chains',
X2AP95DOPTQ,9.5mm Diamond Turquoise and Opal Double Sided Apsara Clicker',P
X2AP95DOP,9.5mm Diamond and Opal Double Sided Apsara Clicker',P
X2AP95D,9.5mm Diamond Double Sided Apsara Clicker',P
X2AP8DOPTQ,8mm Diamond Turquoise and Opal Double Sided Apsara',P
X2AP8DOP,8mm Diamond and Opal Double Sided Apsara Clicker',P
X2AP8D,8mm Double Sided Diamond Apsara Clicker',P
X2AP65DOPTQ,6.5mm Diamond Turquoise and Opal Double Sided Apsara',P
X2AP65DOP,6.5mm Diamond and Natural Opal Double Sided Apsara',P
X2AP65D,6.5mm Diamond Double Sided Apsara',P
X1EB1CH22,Medium Chain Wrap Earstud',P
X1EB1CH16,Small Chain Wrap Earstud',P
X1CBA95D,Baguette Diamond 9.5mm Chain Wrap Earstud',P
X1CBA8D,Baguette Diamond 8mm Chain Wrap Earstud',P
VSQ34CZ,3-4 Cubic Zirconia Princess Solitaire Barbell',
VSCEG48CZ,4-8 Cubic Zirconia Engraved Cup Solitaire Barbell',
VSCEG46CZ,4-6 Cubic Zirconia Engraved Cup Solitaire Barbell',
VSCEG34CZ,3-4 Cubic Zirconia Engraved Cup Solitaire Barbell',
VPA67D,6-7 Diamond Ice Pave Barbell',
VP48CZ,4-8 Cubic Zirconia Prong Solitaire Barbell',
VP46CZ,4-6 Cubic Zirconia Prong Solitaire Barbell',
VP34CZ,3-4 Cubic Zirconia Prong Solitaire Barbell',
VMTTPSD,Diamond MT Tiara with Parasol Dangle Barbell',
VMTTPAD,Diamond MT Tiara and Ice Pave Barbell',
VMTBR6CZ,Cubic Zirconia MT Crown and 6mm Braid Barbell',
VMTBR6AM,Amethyst MT Crown and 6mm Braid Barbell',
VMT5DS8CZ,CZ MT Crown and 8mm Solitaire CZ with 5 CZ Dangle Complete',
VMT12D8CZ,CZ MT Crown and 8mm CZ with 12 CZ Dangles Complete',
VFLPA557D,Diamond 5.5mm Flower and Medium Pave Barbell',
VFLB454CZ,Petite Cubic Zirconia Flower and Gold Ball',
VDALDC,Dala Dangle and Crest Navel Complete',
VDALDB,Dala Dangle and Gold Ball Navel Complete',
VCDD34CZ,3-4 Cubic Zirconia with Double Dangle Barbell',
VCD34CZ,3mm-4mm Cubic Zirconia Cup Solitaire with Top Dangle',
VC46OP,Opal 4-6 Cup Solitaire Barbell',
VC34OP,Opal 3-4 Cup Solitaire Barbell',
VBYPAD,Diamond Butterfly and Ice Pave Barbell',
VBR46TQ,4mm-6mm Turquoise Braid Solitaire Barbell',
VBR46OP,4mm-6mm Opal Braid Solitaire Barbell',
VBR46CZ,4mm-6mm Cubic Zirconia Braid Solitaire Barbell',
VB4555,Medium Gold Ball Barbell',
VB445,Small Gold Ball Barbell',
VB34,Petite Gold Ball Barbell',
VAJNDB,Ajna Dangle and Gold Ball Barbell',
V3P83PS,8mm 3mm Pink Sapphire Princess Navel Ring',
V3P83DBS,8mm 3mm Blue Sapphire Princess Navel Ring',
V3P83D,8mm 3mm Princess and Round Diamond Navel Ring',
TASHPOUCH,Maria Tash Branded Jewelry Pouches',
TASHBOX,Maria Tash Branded Box for Jewelry',
SS2CH1695,16g 9.5mm Double Chain Septum Spinner',
SS2CH168,16g 8mm Double Chain Septum Spinner',
SS2CH148,14g 8mm Double Chain Septum Spinner',
SS1CH1695,16g 9.5mm Single Chain Septum Spinner',
SS1CH168D,16g 8mm Single Chain Septum Spinner with Diamond Accent',
SS1CH168,16g 8mm Single Chain Septum Spinner',
SS1CH1495D,14g 9.5mm Single Chain Septum Spinner with Diamond Accent',
SS1CH148,14g 8mm Single Chain Septum Spinner',
SS1C1495,"Single Chain 14g 3/8"" Septum Spinner'",
RSQ34CZ,3mm-4mm Square Cubic Zirconia Barbell',
RSCEG34CZ,3mm-4mm Cubic Zirconia Scalloped Engraved Rook Barbell',
RSC253D,2.5-3 Diamond Scalloped Rook B',
RP34CZ,3mm-4mm Prong Set Cubic Zirconia Rook Barbell',
RP33D,3mm Prong Set Diamond Rook Barbell',
RP33CZ,3mm Prong Set Cubic Zirconia Rook Barbell',
RFLSC32D,3mm Flower and 2mm Diamond Rook Barbell',
RFLP453CZ,Flower and 3mm Cubic Zirconia Rook Barbell',
RFLDSC453D,Diamond Flower with Dangle and 3mm Diamond Rook Barbell',
RFL3DB3,3mm Diamond Flower and 3mm Ball Rook Barbell',
RDELSC25D,Delia and 2.5mm Diamond Rook Barbell',
RB253,2.5-3mm Gold Ball Rook Barbell',
PSC3D,3mm Scalloped Diamond Straight Barbell',
PEG3CZ,3mm Cubic Zirconia Engraved Cup Straight Barbell',
PB5,5mm Ball Straight Barbell',
PB4,4mm Ball Straight Barbell',
PAR55D,5.5mm Double Diamond Arrow Straight Barbell',
PAR45D,4.5mm Double Diamond Arrow Straight Barbell',
P4OP,4mm Opal Straight Barbell',
P3OP,3mm Opal Straight Barbell',
NXMARK,"""X Marks the Spot"" Nostril Screw'",
NURPA5D,Diamond Pave Ouroboros Nostril Screw',
NSTARD,Diamond Solitaire Star Nostril Screw',
NSTAR45D,4.5mm Diamond Star Nostril Screw',
NSTAR,Plain Star Nostril Screw',
NSQ3DTR,Princess Cut Diamond Trinity Nostril Screw',
NSHSTAR,Plain Starburst Nostril Screw',
NSC3D,3mm Diamond Scalloped Set Nostril Screw',
NSC2PKD,2mm Light Pink Diamond Scalloped Set Nostril Screw',
NSC2PD,2mm Purple Diamond Scalloped Set Nostril Screw',
NSC2D,2mm Diamond Scalloped Set Nostril Screw',
NSC2BKD,2mm Black Diamond Scalloped Set Nostril Screw',
NSC2BD,2mm Blue Diamond Scalloped Set Nostril Screw',
NSC25D,2.5mm Diamond Scalloped Set Nostril Screw',
NSC15PKD,1.5mm Light Pink Diamond Scalloped Set Nostril Screw',
NSC15PD,1.5mm Purple Diamond Scalloped Set Nostril Screw',
NSC15D,1.5mm Diamond Scalloped Set Nostril Screw',
NSC15BKD,1.5mm Black Diamond Scalloped Set Nostril Screw',
NSC15BD,1.5mm Blue Diamond Scalloped Set Nostril Screw',
NSC12D,1.2mm Diamond Scalloped Set Nostril Screw',
NPEAR,Plain Pear Nostril Screw',
NPAISRD,Diamond Right-Paisley Nostril Screw',
NPAISLD,Diamond Left-Paisley Nostril Screw',
NIV3D,3mm Diamond Invisible Set Nostril Screw',
NIV2PKD,2mm Pink Diamond Invisible Nostril Screw',
NIV2D,2mm Diamond Invisible Set Nostril Screw',
NIV2BD,2mm Blue Diamond Invisible Set Nostril Screw',
NIV25D,2.5mm Diamond Invisible Set Nostril Screw',
NIV25BD,2.5mm Blue Diamond Invisible Set Nostril Screw',
NIV15D,1.5mm Diamond Invisible Set Nostril Screw',
NIV15BD,1.5mm Blue Diamond Invisibly Set Nostril Screw',
NHEART,Plain Heart Nostril Screw',
NG3TQ,2.75mm Turquoise Starburst Nostril Screw',
NG3RB,2.75mm Ruby Starburst Nostril Screw',
NG3PS,2.75mm Pink Sapphire Starburst Nostril Screw',
NG3OP,2.75mm Opal Starburst Nostril Screw',
NG3CZ,2.75mm Cubic Zirconia Starburst Nostril Screw',
NG3BS,2.75mm Blue Sapphire Starburst Nostril Screw',
NFL55PD,5.5mm Rose-Purple Diamond Flower Nostril Screw',
NFL55D,5.5mm Diamond Flower Nostril Screw',
NFL55BD,5.5mm Sky Blue Diamond Flower Nostril Screw',
NFL45PD,4.5mm Rose-Purple Diamond Flower Nostril Screw',
NFL45D,4.5mm Diamond Flower Nostril Screw',
NFL45BKD,4.5mm Black Diamond Flower Nostril Screw',
NFL45BD,4.5mm Sky Blue Diamond Flower Nostril Screw',
NFL3D,3mm Diamond Flower Nostril Screw',
NDM25,2.5mm Dome Nostril Screw',
NDM2,2mm Dome Nostril Screw',
NDM15,1.5mm Dome Nostril Screw',
NDELPS,Pink Sapphire Delia Nostril Screw',
NDELD,Diamond Delia Nostril Screw',
NDELBS,Blue Sapphire Delia Nostril Screw',
NDAL,Dala Nostril Screw',
NCLVD,Diamond Lucky Clover Nostril Screw',
NBY4D,4mm Diamond Butterfly Nostril Screw',
NBRT3TQ,2.75mm Turquoise Thin Braid Nostril Screw',
NBRT3PS,2.75mm Pink Sapphire Thin Braid Nostril Screw',
NBRT3OP,2.75mm Opal Thin Braid Nostril Screw',
NBRT3CZ,2.75mm Cubic Zirconia Thin Braid Nostril Screw',
NBRT3BS,2.75mm Blue Sapphire Thin Braid Nostril Screw',
NAJN3B,Ajna and 3 Dangle Nostril Screw',
NAJN,Ajna Nostril Screw',
N4DTRD,Four Diamond Trinity Scalloped Nostril Screw',
N4BTRSC,Plain Four Ball Trinity Nostril Screw',
N4BTROP,Opal Four Ball Trinity Nostril Screw',
N4BTRD,Diamond Four Ball Trinity Scalloped Nostril Screw',
N3OP,3mm Opal Nostril Screw',
N3DTRD,Diamond Trinity Nostril Screw',
N3BTRL,Large Three Ball Trinity Nostril Screw',
N3BTR,Ball Trinity Nostril Screw',
N2TQ,2mm Turquoise Nostril Screw',
N2PE,2mm Pearl Nostril Screw',
N2OP,2mm Opal Nostril Screw',
N15D,1.5mm Diamond Plain Bezel Nostril Screw',
N15BKD,1.5mm Black Diamond Plain Bezel Nostril Screw',
N12D,1.2mm Diamond Plain Bezel Nostril Screw',
N085D,0.85mm Diamond Plain Bezel Nostril Screw',
KSTAR55D,5.5mm Diamond Star Necklace',
KSTAR45D,4.3mm Diamond Star Necklace',
KPADPEDEY,Dia Halo Eye w/ Invis Teardrop',
KPADEY,Diamond Halo Vintage Eye Necklace',
KMTTDOP,Opal and Diamond MT Tiara Necklace',
KMTTD,Diamond MT Tiara Necklace',
KMTD,Diamond MT Crown Necklace',
KIVPADPEDEY,Invisible Diamond Halo Eye Necklace Invisible Pear Teardrop',
KIVPADEY,Invisible Set Diamond Halo Vintage Eye Necklace',
KFLD55D,Diamond Flower and Dangle Necklace',
KEY,14k Bezel Set Vintage Eye Necklace',
KBYD,Medium Diamond Marquise Butterfly Necklace',
K2HC,8mm Handcuff Necklace',
FPEARDDAQ,Aquamarine & Diamond Pear Dangle Ring',
FPADPEDEY,Diamond Halo Natural Eye with Tear Finger Ring',
FPA2LCDBS,Diamond and Sapphire Double Cr',
FPA2CRDEY,18k Double Diamond Crown Eye Finger Ring',
FPA2CDBS,Blue Sapphire and Diamond Double Crown Finger Ring',
FLACPADEY,Lace and Pave Diamond Eye Finger Ring',
FLAC7D,Diamond 6.5mm Engraved Ring',
FETSTARD,Small Diamond Star Eternity Ring',
FETSTAR2D,Large Diamond Star Eternity Ring',
FETPADPEDEY,Vintage Eye Diamond Halo Finger Ring Bezeled Teardrop Dangle',
FETOP,Opal Eternity Finger Ring',
FETMQD,Marquise Diamond Micro Pave Finger Ring',
FETBAD,Baguette Diamond Micro Pave Finger Ring',
FET4DTRD,Four Diamond Trinity Eternity Finger Ring',
EXMARK,"""X Marks the Spot"" Earstud'",P
EWB15D,Large Diamond Web Earstud',P
EWB15BKD,Large Black Diamond Web Earstud',P
EWB10D,10mm Diamond Web Earstud',P
EWB10BKD,10mm Black Diamond Web Earstud',P
EURPAPRS5BKD,5mm Black and White Diamond Pave Pronged Ouroboros Earstud',P
EURPAPRS4BKD,4mm Black and White Diamond Pave Pronged Ouroboros Earstud',P
EURPA5DOP,5mm Opal and Diamond Pave Ouroboros Earstud',P
EURPA5D,5mm Rose Cut Diamond Pave Ouroboros Earstud',P
EURPA4DOP,4mm Opal and Diamond Pave Ouroboros Earstud',P
EURPA4D,4mm Rose Cut Diamond Pave Ouroboros Earstud',P
ETNCOBRBBKD,Ruby Eyes Black Diamond Hood Cobra Talon Traditional Earstud',P
ETNCOBDD,Diamond Eyes Diamond Hood Cobra Talon Traditional Earstud',P
ETNCOBBKDRB,Black Diamond Eyes Ruby Hood Cobra Talon Traditional Earstud',P
ETNCOBBKDBKD,Black Diamond Eyes Black Diamond Hood Cobra Talon Earstud',P
ESTARD,Diamond Solitaire Star Earstud',P
ESTAR7D,7mm Diamond Star Earstud',P
ESTAR55D,5.5mm Diamond Star Earstud',P
ESTAR45D,4.5mm Diamond Star Earstud',P
ESTAR,Plain Star Earstud',P
EST1CTR55D,5.5mm Diamond Star and Trillion Chain Wrap Earstud',P
ESQGBS,Blue Sapphire Princess Granulated Earstud',P
ESQ3DTRD,Princess Cut Diamond Trinity Earstud',P
ESQ3D,3mm Princess Cut Diamond Earstud',P
ESQ3BTRD,Diamond Princess Cut Ball Trinity Earstud',P
ESQ2D,2mm Princess Cut Diamond Earstud',P
ESP3525,Spike Earstud',P
ESNPA10RB,Large Diamond Pave Snake with Ruby Eyes Earstud',P
ESNPA10D,Large Diamond Pave Snake Earstud',P
ESNEG5RB,Small Engraved Snake with Ruby Eyes Earstud',P
ESNEG5D,Small Engraved Snake with Diamond Eyes Earstud',P
ESNEG5BKD,Small Engraved Snake with Black Diamond Eyes Earstud',P
ESNEG10RB,Large Engraved Snake with Ruby Eyes Earstud',P
ESNEG10D,Large Engraved Snake with Diamond Eyes Earstud',P
ESNEG10BKD,Large Engraved Snake with Black Diamond Eyes Earstud',P
ESN5RB,Small Snake with Ruby Eyes Earstud',P
ESN5D,Small Snake with Diamond Eyes Earstud',P
ESN5BKD,Small Snake with Black Diamond Eyes Earstud',P
ESN10RB,Large Snake with Ruby Eyes Earstud',P
ESN10D,Large Snake with Diamond Eyes Earstud',P
ESN10BKD,Large Snake with Black Diamond Eyes Earstud',P
ESHSTAR,Plain Starburst Earstud',P
ESCMQ4D,3.7mm Scalloped Marquise Diamond Earstud',P
ESCEG4CZ,4mm Cubic Zirconia Engraved Cup Earstud',P
ESCEG3CZ,3mm Cubic Zirconia Engraved Cup Earstud',P
ESCD32D,3mm-2mm Scalloped Set Diamond Earstud',P
ESC3PKD,3mm Pink Diamond Scalloped Set Earstud',P
ESC3PD,3mm Purple Diamond Scalloped Set Earstud',P
ESC3D,3mm Scalloped Set Diamond Earstud',P
ESC3BKD,3mm Black Diamond Scalloped Set Earstud',P
ESC3BD,3mm Blue Diamond Scalloped Set Earstud',P
ESC2PKD,2mm Pink Diamond Scalloped Set Earstud',P
ESC2PD,2mm Purple Diamond Scalloped Set Earstud',P
ESC2D,2mm Scalloped Set Diamond Earstud',P
ESC2BKD,2mm Black Diamond Scalloped Set Earstud',P
ESC2BD,2mm Blue Diamond Scalloped Set Earstud',P
ESC25D,2.5mm Scalloped Set Diamond Earstud',P
ESC15PKD,1.5mm Pink Diamond Scalloped Earstud',P
ESC15PD,1.5mm Scalloped Purple Diamond Earstud',P
ESC15D,1.5mm Scalloped Set Diamond Earstud',P
ESC15BKD,1.5mm Black Diamond Scalloped Earstud',P
ESC15BD,1.5mm Blue Diamond Scalloped Set Earstud',P
ESC12D,1.2mm Scalloped Set Diamond Earstud',P
ERSPJ95,Large Javanese Spike Earring',P
ERNB3D8DPS,8mm Diamond Indian Bead Ring Diamond Pink Sapphire Dangles',P
ERNB3BD8PS,8mm Pink Sapphire Indian Bead Ring Briolette Ball Dangles',P
ERNB3BD8BS,8mm Blue Sapphire Indian Bead Ring Briolette Ball Dangles',P
ERGSP95TQ,9.5mm Single Turquoise Grand Spike Clicker',P
ERGSP95OP,9.5mm Single Opal Grand Spike Clicker',P
ERGSP95BKOP,9.5mm Single Black Opal Grand Spike Clicker',P
ERGSP8TQ,8mm Single Turquoise Grand Spike Clicker',P
ERGSP8OP,8mm Single Opal Grand Spike Clicker',P
ERGSP8BKOP,8mm Single Black Opal Grand Spike Clicker',P
ERGSP65TQ,6.5mm Single Turquoise Grand Spike Clicker',P
ERGSP65OP,6.5mm Single Opal Grand Spike Clicker',P
ERGSP65BKOP,6.5mm Single Black Opal Grand Spike Clicker',P
ER1SP95TQ,9.5mm Single Short Turquoise Spike Non-Rotating Clicker',P
ER1SP95OP,9.5mm Single Short Opal Spike Non-Rotating Clicker',P
ER1SP95BROP,9.5mm Single Short Black-Red Opal Spike Non-Rotating Clicker',P
ER1SP95BKOP,9.5mm Single Short Black Opal Spike Non-Rotating Clicker',P
ER1SP95,9.5mm Single Short Spike Non-Rotating Clicker',P
ER1SP8TQ,8mm Single Short Turquoise Spike Non-Rotating Clicker',P
ER1SP8OP,8mm Single Short Opal Spike Non-Rotating Clicker',P
ER1SP8BROP,8mm Single Short Black-Red Opal Spike Non-Rotating Clicker',P
ER1SP8BKOP,8mm Single Short Black Opal Spike Non-Rotating Clicker',P
ER1SP8,8mm Single Short Spike Non-Rotating Clicker',P
ER1SP65TQ,6.5mm Single Short Turquoise Spike Non-Rotating Clicker',P
ER1SP65OP,6.5mm Single Short Opal Spike Non-Rotating Clicker',P
ER1SP65BKOP,6.5mm Single Short Black Opal Spike Non-Rotating Clicker',P
ER1SP65,6.5mm Single Short Spike Non-Rotating Clicker',P
EPK875M,8mm Padlock Clicker',P
EPK6565M,6.5mm Padlock Clicker',P
EPK565M,5mm Padlock Clicker',P
EPEAR,Plain Pear Earstud',P
EPE725D,7mm Pear Diamond Earstud',P
EPE625D,6mm Diamond Pear Earstud',P
EPAISRD,Diamond Paisley (Right) Earstud',P
EPAISLD,Diamond Paisley (Left) Earstud',P
EPACD,Diamond Micropave Open Circle Earstud',P
EP3CZ,3mm Prong Set Cubic Zirconia Earstud',P
EMTTDPS,Pink Sapphire and Diamond MT Tiara Earstud',P
EMTTDOP,Opal and Diamond MT Tiara Earstud',P
EMTTD,Diamond MT Tiara Earstud',P
EMTCD,Diamond MT Crown Earstuds (Pair)',P
EMQ725D,7mm Marquise Diamond Earstud',P
EMQ625D,6mm by 3mm Marquise Diamond Earstud',P
EMNSPAD,Small Diamond Moon Earstud',P
EMNPAD,Diamond Moon Earstud',P
ELOTORB65D,Diamond Lotus in Orbit',P
ELOTEGD625D,6mm Engraved Diamond Lotus Dangle Earstud',P
ELOTEG42D,4mm Engraved Diamond Lotus Earstud',P
ELOTEG315D,3mm Engraved Diamond Lotus Earstud',P
ELOTD625D,6mm Diamond Lotus Dangle Earstud',P
ELOT615D,6mm Diamond Lotus Earstud',P
ELB11D,11mm Diamond Lightning Bolt Earstud',P
ELB11BKD,11mm Black Diamond Lightning Bolt Earstud',P
EIVFL85D,8.5mm Invisible Set Diamond Flower Earstud',P
EIVFL6D,6mm Invisible Set Diamond Flower Earstud',P
EIVD32D,3mm-2mm Invisible Set Diamond Dangle Earstud',P
EIVD215D,2mm-1.5mm Invisible Set Diamond Dangle Earstud',P
EIVD1C32D,3mm-2mm Invisible Set Diamond Dangle Chain Wrap Earstud',P
EIV5D,5.2mm Invisible Set Diamond Earstud',P
EIV4D,4.1mm Invisible Set Diamond Earstud',P
EIV47D,4.7mm Invisible Set Diamond Earstud',P
EIV3PKD,3mm Invisible Set Pink Diamond Earstud',P
EIV3D,3mm Invisible Set Diamond Earstud',P
EIV3BD,3mm Invisible Set Blue Diamond Earstud',P
EIV38D,3.8mm Invisible Set Diamond Earstud',P
EIV35D,3.5mm Invisible Set Diamond Earstud',P
EIV2PKD,2mm Invisible Set Pink Diamond Earstud',P
EIV2PD,2mm Invisible Set Purple Diamond Earstud',P
EIV2D,2mm Invisible Set Diamond Earstud',P
EIV2BD,2mm Invisible Set Blue Diamond Earstud',P
EIV25PD,2.5mm Invisible Set Purple Diamond Earstud',P
EIV25D,2.5mm Invisible Set Diamond Earstud',P
EIV25BD,2.5mm Invisible Set Blue Diamond Earstud',P
EIV15D,1.5mm Invisible Set Diamond Earstud',P
EIV15BD,1.5mm Invisible Set Blue Diamond Earstud',P
EHPADBS,Blue Sapphire and Diamond Pave Hoop Earrings',P
EHLACD,Diamond Lace Hoop Earrings',P
EHINLACD,Diamond Inner Lace Hoop Earrings',P
EHEART,Plain Heart Traditional Earstud',P
EHCNDFLPED,Pearl Coronet Hoops with Diamond Flower and Briolette PAIR',P
EHCNDFLMTDPEPS,Pearl Coronet Hoops with Pink Sapphire MT Crown PAIR',P
EHCNDFLDPEPS,Pearl Coronet Hoops Diamond Flower and Pink Briolettes PAIR',P
EHCN4DTRFLDPE,Pearl Coronet Hoops Inset 4 Diamond Trinity and Flowers PAIR',P
EG5OP,Five Opal Garland Earstud',P
EG3TQ,2.75mm Turquoise Starburst Traditional Stud',P
EG3RB,2.75mm Ruby Starburst Earstud',P
EG3PS,2.75mm Pink Sapphire Starburst Earstud',P
EG3OP,2.75mm Opal Starburst Earstud',P
EG3CZ,2.75mm Cubic Zirconia Starburst Earstud',P
EG3BS,2.75mm Blue Sapphire Starburst Earstud',P
EFLPED,Pear Diamond Flower Earstud',P
EFLD75OP,7.5mm Opal Flower with Diamond Center Earstud',P
EFLD65OP,6.5mm Opal Flower Diamond Center Earstud',P
EFLD5OP,5mm Opal Flower with Diamond Center Earstud',P
EFLD55D,5.5mm Diamond Flower with Dangle Earstud',P
EFLD45D,4.5mm Diamond Flower with Dangle Earstud',P
EFL7PKD,7mm Pink Diamond Flower Earstud',P
EFL7PD,7mm Purple Diamond Flower Earstud',P
EFL7DPE,7mm Pearl and Diamond Flower Earstud',P
EFL7D,7mm Diamond Flower Earstud',P
EFL7BD,7mm Blue Diamond Flower Earstud',P
EFL55PKD,5.5mm Light Pink Diamond Flower Earstud',P
EFL55PD,5.5mm Rose-Purple Diamond Flower Earstud',P
EFL55D,5.5mm Diamond Flower Earstud',P
EFL55CZ,5.5mm Cubic Zirconia Flower Earstud',P
EFL55BKD,5.5mm Black Diamond Flower Earstud',P
EFL55BD,5.5mm Sky Blue Diamond Flower Earstud',P
EFL45PKD,4.5mm Light Pink Diamond Flower Earstud',P
EFL45PD,4.5mm Purple Diamond Flower Traditional Earstud',P
EFL45D,4.5mm Diamond Flower Earstud',P
EFL45BKD,4.5mm Black Diamond Flower Earstud',P
EFL45BD,4.5mm Sky Blue Diamond Flower Earstud',P
EFL3D,3mm Diamond Flower Earstud',P
EFH38,38mm Flat Hoop Earring',P
EFH31,31mm Flat Hoop Earring',P
EFH25,25mm Flat Hoop Earring',P
EFH19,19mm Flat Hoop Earring',P
EETR65TQ,6.5mm Turquoise Eternity Ring and Plain Cuff',P
EETR65PE,6.5mm Pearl Eternity Ring and Plain Cuff',P
EETR65OP,6.5mm Opal Eternity Ring and Plain Cuff',P
EETR65D,6.5mm Diamond Eternity Ring and Plain Cuff',P
EET2CDBA95D,9.5mm Diamond Eternity with Baguette Diamond and 2 Chains',P
EET2CDBA8D,8mm Diamond Eternity with Baguette Diamond and 2 Chains',P
EET2CDBA65D,6.5mm Diamond Eternity with Baguette Diamond and 2 Chains',P
EET2C95D,9.5mm Diamond Eternity Ring Two Forward Chains',P
EET2C8D,8mm Diamond Eternity Ring Two Forward Chains',P
EET2C65D,6.5mm Diamond Eternity Ring Two Forward Chains',P
EET2C3D8D,8mm Diamond Eternity Ring with 3 Rounds and 2 Chains',P
EET2C2D95D,9.5mm Diamond Eternity with 2 Rounds and 2 Chains',P
EET2C2D8D,8mm Diamond Eternity with 2 Rounds and 2 Chains',P
EET2C2D65D,6.5mm Diamond Eternity with 2 Rounds and 2 Chains',P
EDSLB22DOPRB,Opal and Diamond Long Sword with Ruby Drops Earstud',P
EDSLB22DBKDRB,Black and White Diamond Long Sword with Ruby Drops Earstud',P
EDSL22DOP,Opal and Diamond Long Sword Earstud',P
EDS5OP,Opal and Diamond Small Sword Earstud',P
EDS5D,Diamond Small Sword Earstud',P
EDM2,2mm Dome Earstud',P
EDM15,1.5mm Dome Earstud',P
EDGTR65RB,Ruby Dagger Trinity Hilt Earstud',P
EDGTR65OP,Opal and Diamond Dagger Trinity Hilt Earstud',P
EDGTR65D,Diamond Dagger with Trinity Hilt Earstud',P
EDGTR65BKD,Black and White Diamond Trinity Hilt Dagger Earstud',P
EDG65D,Diamond Dagger Earstud',P
EDG65BKD,Black Diamond Dagger Earstud',P
EDG5D,Small Diamond Dagger Earstud',P
EDELDPS,Pink Sapphire and Diamond Delia Earstud',P
EDELDBS,Blue Sapphire and Diamond Delia Earstud',P
EDELD,Diamond Delia Earstud',P
EDAL,Dala Earstud',P
ECLVD,Diamond Lucky Clover Earstud',P
ECLV7DPS,7mm Pink Sapphire and Diamond Clover',P
ECLV7DBS,7mm Blue Sapphire and Diamond Clover',P
ECLV55DPS,5.5mm Pink Sapphire and Diamond Clover',P
ECLV55DBS,5.5mm Blue Sapphire and Diamond Clover',P
ECLOTIV42D,Invisible Diamond Lotus Garland Ear Climber',P
ECL3OP,3 Opal Cluster Earstud',P
ECFL5D,Diamond 5 Flower Garland Earstud',P
EC3STD,Diamond Three Star Garland Earstud',P
EC3FLOP,Three Opal Flower Garland Earstud',P
EC3FLD,Diamond Three Flower Garland Earstud',P
EBYMQOP,Opal and Diamond Marquise Butterfly Earstud',P
EBYMQD,Diamond Marquise Butterfly Earstud',P
EBYMQCZ,Cubic Zirconia Marquise Butterfly Earstud',P
EBY4D,Diamond Butterfly Earstud',P
EBS18DOP,Opal and Diamond Broadsword Earstud',P
EBRT3TQ,3mm Turqouise Thin Braid Earstud',P
EBRT3PS,3mm Pink Sapphire Thin Braid Earstud',P
EBRT3OP,3mm Opal Thin Braid Earstud',P
EBRT3CZ,3mm Cubic Zirconia Thin Braid Earstud',P
EBRT3BS,3mm Blue Sapphire Thin Braid Earstud',P
EBRKRB,Ruby Broken Braid Earstud',P
EBRKPS,Pink Sapphire Broken Braid Earstud',P
EBRKCZ,Cubic Zirconia Broken Braid Earstud',P
EBRKBS,Blue Sapphire Broken Braid Earstud',P
EBR4OP,4mm Opal Braid Earstud',P
EBO9D,9mm Diamond Bone Earstud',P
EBO7D,7mm Diamond Bone Earstud',P
EBF,Ball Flower Earstud',P
EBBY518,5mm 18k Gold Traditional Earring Back',
EBBY514,5mm 14k Gold Traditional Earring Back',
EBBY418,4mm 18k Gold Traditional Earring Back',
EBBY414,4mm 14k Gold Traditional Earring Back',
EBAT75RB,Small Bat with Ruby Eyes Earstud',P
EBAT75D,Small Bat with Diamond Eyes Earstud',P
EBAT10RB,Large Bat with Ruby Eyes Earstud',P
EBAT10D,Large Bat with Diamond Eyes Earstud',P
EBAT10BKD,Large Bat with Black Diamond Eyes Earstud',P
EBARR7M,7mm Matte Round Bar Earstud',P
EBARR7DM,7mm Round Matte Bar with Diamond Ends Earstud',P
EBARR7,7mm Polished Round Bar Earstud',P
EBARR18M,18mm Matte Round Bar Earstud',P
EBARR18,18mm Polished Round Bar Earstud',P
EBARR11M,11mm Matte Round Bar Earstud',P
EBARR11DM,11mm Round Matte Bar with Diamond Ends Earstud',P
EBARR11,11mm Polished Round Bar Earstud',P
EBAR7PAD,7mm Square Diamond Pave Bar Earstud',P
EBAR7MD3,7mm Matte Square Bar with 3 Diamond Ends Earstud',P
EBAR7M,7mm Matte Square Bar Earstud',P
EBAR7,7mm Polished Square Bar Earstud',P
EBAR18PAD,18mm Square Diamond Pave Bar Earstud',P
EBAR18MD3,18mm Matte Square Bar with 3 Diamond Ends Earstud',P
EBAR18M,18mm Matte Square Bar Earstud',P
EBAR11PAD,11mm Square Diamond Pave Bar Earstud',P
EBAR11MD3,11mm Matte Square Bar with 3 Diamonds Earstud',P
EBAR11M,11mm Matte Square Bar Earstud',P
EBAR11,11mm Polished Square Bar Earstud',P
EBAD,Baguette Diamond Earstud',P
EB4,4mm Ball Earstud',P
EB3,3mm Ball Earstud',P
EB25,2.5mm Ball Earstud',P
EB2,2mm Ball Earstud',P
EAR7D,7mm Diamond Arrow Earstud',P
EAR10D,10mm Diamond Arrow Earstud',P
EAJNDPE,Diamond and Pearl Ajna Earstud',P
EAJN3B,Ajna Dangle Earstud',P
EAJN,Ajna Earstud',P
E5OP,5mm Opal Earstud',P
E5IVD,Invisible Set 5 Diamond Curve Earstud',P
E4OP,4mm Opal Earstud',P
E4DTRD,Four Diamond Trinity Earstud',P
E4BTRTQ,Turquoise Four Ball Trinity Earstud',P
E4BTRRB,Ruby Four Ball Trinity Earstud',P
E4BTROP,Opal Four Ball Trinity Earstud',P
E4BTRD,Diamond Four Ball Trinity Earstud',P
E4BTR,Four Ball Trinity Earstud',P
E3TQTRL,Large Turquoise Trinity Earstud',
E3TQTR,Turquoise Trinity Earstud',
E3TQ,3mm Turquoise Earstud',
E3PTR953D,9.5mm 3mm Diamond Trillion Ring (non-rotating)',P
E3PTR83D,8mm 3mm Diamond Trillion Ring (non-rotating)',P
E3PTR653D,6.5mm 3mm Diamond Trillion Ring (Non-Rotating)',P
E3P952D,9.5mm 2mm Diamond Princess Clicker Non Rotating',P
E3P82D,8mm 2mm Diamond Princess Ring Non Rotating',P
E3P652D,6.5mm 2mm Diamond Princess Ring (Non-Rotating)',P
E3OPTRL,Large Opal Trinity Earstud',P
E3OPTR,Opal Trinity Earstud',P
E3OP,3mm Opal Earstud',P
E3IVD,Invisible Set 3 Diamond Curve Earstud',P
E3ETC565D,Diamond 6.5mm and 5mm Triple Eternity Ring and Two Cuffs',P
E3DTRDL,Large Diamond Trinity Earstud',P
E3DTRD,Diamond Trinity Earstud',P
E3CZ,3mm Cubic Zirconia Plain Bezel Earstud',P
E3BTRL,Large Three Ball Trinity Earstud',P
E3BTR,Three Ball Trinity Earstud',P
E2TQ,2mm Turquoise Earstud',P
E2TND18,Long Diamond Talon Earstud',P
E2TND,Long Talon with Petite Diamonds Earstud',P
E2PE,2mm Natural Pearl Earstud',P
E2OP,2mm Opal Earstud',P
E2ETXR65D,6.5mm Diamond Eternity Ring and Plain Cuff',P
E2ETC865D,8mm Diamond Eternity Ring and 6.5mm Plain Cuff',P
E2ET865D,8mm Diamond Eternity Ring and 6.5mm Cuff',P
E2ET65TQ,6.5mm Turquoise Eternity Ring and Cuff',P
E2ET65D,6.5mm Diamond Eternity Ring and Cuff',P
E2C2ETC65D,6.5mm Diamond Eternity Ring and Cuff with 2 Chains',P
CR3C95,9.5mm Plain Ring with Three Chains',
CR3C8,8mm Plain Ring with Three Chains',
CR3C65,6.5mm Plain Ring with 3 Chains',
,',
