4,XMQD735P32D,1
4,XMQD84P32DR,2
4,XMQ3D84P32DR,3
4,XGALOTIV42DR,4
4,XET3SPLSL8D,5
4,XET3SPLSL65D,6
4,XET1SPLSL8D,7
4,XBARAPIV11DR,8
4,EBARAPIV11D,9
4,ECLBARCCRIVD18D,10
4,XBARTS11R,11
4,EBARTS11,12
4,XIVTG4D,13
4,EIVTG4D,14
4,XIVTG3D,15
4,XIVTG25D,16
4,XIVTG5D,17
4,EIVTG5D,18
4,XET1SPLSL65D,19
4,XET1SPSL8D,20
4,XET1SPSL65D,21
4,XET1SPLSL65D,22
4,XSLEG8DR,23
4,ESLEG8D,24
4,XSL8DR,25
4,XCHMQF735D,26
4,XCHMQF63D,27
4,XBARCRIVD11DR,28
4,EBARCRIVD11D,29
4,ECOGALOTIV42D,30
4,XCHPEF64D,31
4,XCHPEF43D,32
4,ECLBARCTS18,33
4,EBARAPIV18D,34
4,XSLIV55D,35
4,ESLIV55D,36
4,X1CBA8D ,37
4,X1CBA95D ,38
4,X1EB1CH16 ,39
4,X2AP65D ,40
4,X2AP65DOP ,41
4,X2AP65DOPTQ ,42
4,X2AP8D ,43
4,X2AP8DOP ,44
4,X2AP8DOPTQ ,45
4,X2AP95D ,46
4,X2AP95DOP ,47
4,X2AP95DOPTQ ,48
4,E2C2ETC65D ,49
4,X2EB1CH76 ,50
4,X2EB2C3SC3PETRD ,51
4,X2EB2C5C2MQPED ,52
4,E2EB2C5C2MQPED ,53
4,X2EB2CH65 ,54
4,X2EB2SC1CH76D ,55
4,X2EB3CDELMQ3CD ,56
4,E2EB3CDELMQ3CD ,57
4,X2EB3CFLMQCPED ,58
4,E2ET65D ,59
4,X2ET65D ,60
4,E2ET65TQ ,61
4,E2ET824MQIV65D ,62
4,E2ET865D ,63
4,E2ETC565D ,64
4,X2ETC565D ,65
4,E2ETC865D ,66
4,E2ETXR65D ,67
4,X2HCCM65 ,68
4,X2HCCM65D ,69
4,X2HCCM65DD ,70
4,X2HCCM8 ,71
4,X2HCCM8D ,72
4,X2HCCS65 ,73
4,X2HCCS65D ,74
4,X2HCCS65DD ,75
4,X2HCCS8 ,76
4,X2HCCS8D ,77
4,X2HN8 ,78
4,X2OP ,79
4,E2OP ,80
4,E2PE ,81
4,X2PE ,82
4,X2TN813D ,83
4,X2TN813D182 ,84
4,X2TNBAD ,85
4,E2TND ,86
4,E2TND18 ,87
4,X2TNDBASQD ,88
4,X2TNDBATRD ,89
4,E2TQ ,90
4,X2TQ ,91
4,X3BTR ,92
4,E3BTR ,93
4,E3BTRL ,94
4,X3BTRL ,95
4,E3CZ ,96
4,X3DTRBKD ,97
4,X3DTRD ,98
4,E3DTRD ,99
4,E3DTRDL ,100
4,X3DTRDL ,101
4,X3ET65D ,102
4,E3ETC565D ,103
4,X3ETC565D ,104
4,E3ETIV9524IV8D2 ,105
4,E3IVD ,106
4,X3IVD ,107
4,X3OP ,108
4,E3OP ,109
4,E3OPTR ,110
4,E3OPTRL ,111
4,X3P52D ,112
4,X3P52DPS ,113
4,X3P652D ,114
4,E3P652D ,115
4,X3P653D ,116
4,X3P653DBS ,117
4,X3P653DPS ,118
4,E3P82D ,119
4,X3P82D ,120
4,X3P83D ,121
4,X3P83DBS ,122
4,X3P83DPS ,123
4,E3P952D ,124
4,X3P952D ,125
4,X3PAIV11D ,126
4,X3PAIV5D ,127
4,X3PAIV65D ,128
4,X3PAIV8D ,129
4,X3PTR653D ,130
4,E3PTR653D ,131
4,X3PTR83D ,132
4,E3PTR83D ,133
4,E3PTR953D ,134
4,E3TQ ,135
4,X3TQ ,136
4,E3TQTR ,137
4,X3TQTRL ,138
4,E3TQTRL ,139
4,X432OP ,140
4,X4BTR ,141
4,E4BTR ,142
4,X4BTRD ,143
4,E4BTRD ,144
4,X4BTROP ,145
4,E4BTROP ,146
4,E4BTRRB ,147
4,E4BTRTQ ,148
4,X4BTRTQ ,149
4,X4DTRD ,150
4,E4DTRD ,151
4,X4OP ,152
4,E4OP ,153
4,X4TQ ,154
4,E5IVD ,155
4,X5IVD2 ,156
4,X5OP ,157
4,E5OP ,158
4,X5PA5D ,159
4,X5PA5DBKD ,160
4,X5PA5DOP2 ,161
4,X5PA5DTQ2 ,162
4,X5PA65D ,163
4,X5PA65D2 ,164
4,X5PA65DBKD2 ,165
4,X5PA65DOP2 ,166
4,X5PA65DR2 ,167
4,X5PA65DTQ2 ,168
4,X5PA8BKD2 ,169
4,X5PA8D ,170
4,X5PA8D2 ,171
4,X5PA8DBKD2 ,172
4,X5PA8DOP2 ,173
4,X5PA8DR2 ,174
4,X5PA8DTQ2 ,175
4,X5PA95D ,176
4,X5PA95D2 ,177
4,X5PA95DBKD2 ,178
4,X5PA95DOP2 ,179
4,X5PA95DR2 ,180
4,X5PA95DTQ2 ,181
4,XAJN ,182
4,EAJN ,183
4,XAJN3B ,184
4,EAJN3B ,185
4,XAJNDPE ,186
4,EAJNDPE ,187
4,EAR10D ,188
4,XAR10D ,189
4,XAR75D ,190
4,EAR7D ,191
4,XB2 ,192
4,EB2 ,193
4,XB25 ,194
4,EB25 ,195
4,XB3 ,196
4,EB3 ,197
4,EB4 ,198
4,XBAD ,199
4,EBAD ,200
4,XBADTRD ,201
4,EBAR11 ,202
4,XBAR11 ,203
4,EBAR11M ,204
4,XBAR11M ,205
4,EBAR11MD3 ,206
4,XBAR11MD3 ,207
4,XBAR11PAD ,208
4,EBAR11PAD ,209
4,EBAR18M ,210
4,XBAR18M ,211
4,EBAR18MD3 ,212
4,XBAR18MD3 ,213
4,XBAR18PAD ,214
4,EBAR18PAD ,215
4,EBAR7 ,216
4,XBAR7 ,217
4,EBAR7M ,218
4,XBAR7M ,219
4,XBAR7MD3 ,220
4,EBAR7MD3 ,221
4,EBAR7MSD ,222
4,EBAR7PAD ,223
4,XBAR7PAD ,224
4,EBARAPIV11D ,225
4,XBARAPIV11DR ,226
4,EBARAPIV18D ,227
4,EBARCRIVD11D ,228
4,XBARCRIVD11DR ,229
4,EBARR11 ,230
4,XBARR11 ,231
4,EBARR11DM ,232
4,XBARR11DM ,233
4,EBARR11M ,234
4,XBARR11M ,235
4,EBARR11MSD ,236
4,EBARR18 ,237
4,XBARR18 ,238
4,EBARR18M ,239
4,XBARR18M ,240
4,XBARR7 ,241
4,EBARR7 ,242
4,EBARR7DM ,243
4,XBARR7DM ,244
4,EBARR7M ,245
4,XBARR7M ,246
4,EBARTS11 ,247
4,XBARTS11R ,248
4,EBAT10BKD ,249
4,XBAT10BKD ,250
4,XBAT10D ,251
4,EBAT10D ,252
4,XBAT10RB ,253
4,EBAT10RB ,254
4,XBAT75BKD ,255
4,XBAT75D ,256
4,EBAT75D ,257
4,XBAT75RB ,258
4,EBAT75RB ,259
4,XBF ,260
4,EBF ,261
4,XBO7D ,262
4,EBO7D ,263
4,XBO9D ,264
4,EBO9D ,265
4,EBR4OP ,266
4,XBRKBS ,267
4,EBRKBS ,268
4,XBRKCZ ,269
4,EBRKCZ ,270
4,XBRKPS ,271
4,EBRKPS ,272
4,XBRKRB ,273
4,EBRKRB ,274
4,XBRT2CZ ,275
4,XBRT3BS ,276
4,EBRT3BS ,277
4,XBRT3CZ ,278
4,EBRT3CZ ,279
4,XBRT3PS ,280
4,EBRT3PS ,281
4,XBS18DBS ,282
4,EBS18DOP ,283
4,XBS18DOP ,284
4,XBS18DOP2 ,285
4,XBY4D ,286
4,EBY4D ,287
4,XBYMQCZ ,288
4,EBYMQCZ ,289
4,EBYMQD ,290
4,XBYMQD ,291
4,EBYMQOP ,292
4,XC3FLD ,293
4,EC3FLD ,294
4,EC3FLOP ,295
4,XC3FLOP ,296
4,XC3STD ,297
4,EC3STD ,298
4,ECFL5D ,299
4,XCFL5D ,300
4,XCHMQF63D ,301
4,XCHMQF735D ,302
4,XCHPEF43D ,303
4,XCHPEF64D ,304
4,ECL3OP ,305
4,ECLBARCCRIVD18D ,306
4,ECLBARCTS18 ,307
4,ECLOTIV42D ,308
4,XCLV55DBS ,309
4,ECLV55DBS ,310
4,XCLV55DPS ,311
4,ECLV55DPS ,312
4,XCLV7DBS ,313
4,ECLV7DBS ,314
4,XCLV7DPS ,315
4,ECLV7DPS ,316
4,XCLVD ,317
4,ECLVD ,318
4,XCN5PE ,319
4,XCN65BD ,320
4,XCN65BKD ,321
4,XCN65CD ,322
4,XCN65D ,323
4,XCN65PE ,324
4,XCN8BD ,325
4,XCN8BKD ,326
4,XCN8CD ,327
4,XCN8D ,328
4,XCN8PE ,329
4,XCN95BD ,330
4,XCN95BKD ,331
4,XCN95D ,332
4,XCN95PE ,333
4,XCNBD8D ,334
4,XCNBD95D ,335
4,XCNBKD8BKD ,336
4,XCNBKD8D ,337
4,XCNBKD95BKD ,338
4,XCNBKD95D ,339
4,XCND8BKD ,340
4,XCND8CD ,341
4,XCND8D ,342
4,XCND8PED ,343
4,XCND95BKD ,344
4,XCND95CD ,345
4,XCND95D ,346
4,XCND95DBD ,347
4,XCND95PEBKD ,348
4,XCND95PED ,349
4,ECOBRAD ,350
4,XCOBRAD ,351
4,ECOGALOTIV42D ,352
4,XCRT65D ,353
4,XCRT8D ,354
4,XCRT95D ,355
4,XDAL ,356
4,EDAL ,357
4,XDELD ,358
4,EDELD ,359
4,XDELDBS ,360
4,EDELDBS ,361
4,XDELDD1CH ,362
4,XDELDPS ,363
4,EDELDPS ,364
4,XDG5D ,365
4,EDG5D ,366
4,EDG65BKD ,367
4,XDG65BKD ,368
4,EDG65D ,369
4,XDG65D ,370
4,XDG65DOP ,371
4,XDGTR65BKD ,372
4,EDGTR65BKD ,373
4,XDGTR65D ,374
4,EDGTR65D ,375
4,XDGTR65OP ,376
4,EDGTR65OP ,377
4,XDGTR65RB ,378
4,EDGTR65RB ,379
4,EDM15 ,380
4,EDM2 ,381
4,EDS5D ,382
4,XDS5D ,383
4,XDS5DOP ,384
4,EDS5OP ,385
4,XDSL22DBS ,386
4,EDSL22DOP ,387
4,XDSL22DOP ,388
4,EDSLB22DBKDRB ,389
4,XDSLB22DBKDRB ,390
4,EDSLB22DOPRB ,391
4,XDSLB22DOPRB ,392
4,XET11BKD ,393
4,XET11D ,394
4,XET125BKD ,395
4,XET125D ,396
4,XET155D ,397
4,XET1SP65 ,398
4,XET1SP65BKOP ,399
4,XET1SP65OP ,400
4,XET1SP65TQ ,401
4,XET1SP8 ,402
4,XET1SP8BKOP ,403
4,XET1SP8OP ,404
4,XET1SP8TQ ,405
4,XET1SP95 ,406
4,XET1SP95BKOP ,407
4,XET1SP95OP ,408
4,XET1SP95TQ ,409
4,XET1SPLSL65D ,410
4,XET1SPLSL8D ,411
4,XET1SPSL65D ,412
4,XET1SPSL8D ,413
4,EET2C2D65D ,414
4,EET2C2D8D ,415
4,EET2C2D95D ,416
4,EET2C3D8D ,417
4,EET2C65D ,418
4,EET2C8D ,419
4,EET2C95D ,420
4,EET2CDBA65D ,421
4,EET2CDBA8D ,422
4,EET2CDBA95D ,423
4,EET2CDFLSCPE65D ,424
4,XET2D65D ,425
4,XET2D8D ,426
4,XET2D95D ,427
4,XET3SPL65D ,428
4,XET3SPL65DBKOP ,429
4,XET3SPL65DOP ,430
4,XET3SPL65DTQ ,431
4,XET3SPL8D ,432
4,XET3SPL8DBKOP ,433
4,XET3SPL8DOP ,434
4,XET3SPL8DTQ ,435
4,XET3SPL95D ,436
4,XET3SPL95DBKOP ,437
4,XET3SPL95DOP ,438
4,XET3SPL95DTQ ,439
4,XET3SPLSL65D ,440
4,XET3SPLSL8D ,441
4,XET5BKD ,442
4,XET5D ,443
4,XET65BKD ,444
4,XET65D ,445
4,XET65OP ,446
4,XET65PE ,447
4,XET65TQ ,448
4,XET8BKD22 ,449
4,XET8D ,450
4,XET8D22 ,451
4,XET8OP ,452
4,XET8PE ,453
4,XET8TQ ,454
4,XET95BKD26 ,455
4,XET95D ,456
4,XET95D26 ,457
4,XET95OP ,458
4,XET95PE ,459
4,XET95TQ ,460
4,XETIV524D ,461
4,XETIV5BD ,462
4,XETIV5D ,463
4,XETIV6524D ,464
4,XETIV65BD ,465
4,XETIV65D ,466
4,XETIV824D ,467
4,XETIV8BD ,468
4,XETIV8D ,469
4,XETIV9524D ,470
4,XETIV95D ,471
4,XETIVBA65D ,472
4,XETIVBA8D ,473
4,XETIVBA95D ,474
4,XETMQIV11D ,475
4,XETMQIV65D ,476
4,XETMQIV8D ,477
4,XETMQIV95D ,478
4,XETMQSC11OP ,479
4,XETMQSC65D ,480
4,XETMQSC65OP ,481
4,XETMQSC8D ,482
4,XETMQSC8OP ,483
4,XETMQSC95D ,484
4,XETMQSC95OP ,485
4,EETR65D ,486
4,EETR65OP ,487
4,EETR65PE ,488
4,EETR65TQ ,489
4,XETST6545D ,490
4,XETST845D ,491
4,XETST9545D ,492
4,XETSTAR8D38 ,493
4,XETTS65 ,494
4,XETTS65D ,495
4,XETTS8 ,496
4,XETTS8D ,497
4,XETTS95D ,498
4,XETTSF8D ,499
4,EFH19 ,500
4,EFH25 ,501
4,EFH31 ,502
4,EFH38 ,503
4,XFL3D ,504
4,EFL3D ,505
4,XFL45BD ,506
4,EFL45BD ,507
4,XFL45BKD ,508
4,EFL45BKD ,509
4,XFL45CZ ,510
4,XFL45D ,511
4,EFL45D ,512
4,XFL45PD ,513
4,EFL45PD ,514
4,EFL45PKD ,515
4,XFL55BD ,516
4,EFL55BD ,517
4,XFL55BKD ,518
4,EFL55BKD ,519
4,EFL55CZ ,520
4,XFL55CZ ,521
4,XFL55D ,522
4,EFL55D ,523
4,XFL55PD ,524
4,EFL55PD ,525
4,EFL55PKD ,526
4,XFL7BD ,527
4,EFL7BD ,528
4,XFL7D ,529
4,EFL7D ,530
4,XFL7DPE ,531
4,EFL7DPE ,532
4,XFL7PD ,533
4,EFL7PD ,534
4,EFL7PKD ,535
4,XFL7PKD ,536
4,XFLD45D ,537
4,EFLD45D ,538
4,XFLD45D1CH ,539
4,XFLD55D ,540
4,EFLD55D ,541
4,EFLD5OP ,542
4,XFLD5OP ,543
4,EFLD65OP ,544
4,XFLD65OP ,545
4,EFLD75OP ,546
4,XFLD75OP ,547
4,XFLDM65OP ,548
4,XFLP55OP ,549
4,XFLP8BKD ,550
4,XFLP8OP ,551
4,EFLPED ,552
4,XFLPED ,553
4,XFLR55D3CBAD ,554
4,XG3BS ,555
4,EG3BS ,556
4,XG3CZ ,557
4,EG3CZ ,558
4,EG3OP ,559
4,XG3PS ,560
4,EG3PS ,561
4,XG3RB ,562
4,EG3RB ,563
4,XG3TQ ,564
4,EG3TQ ,565
4,EG5OP ,566
4,XG5OP ,567
4,XG7OP ,568
4,XGALOTIV42DR ,569
4,XHC65 ,570
4,XHC65D ,571
4,XHC8 ,572
4,EHCN4DTRFLDPE ,573
4,XHCNDFLDPEPS ,574
4,EHCNDFLDPEPS ,575
4,EHCNDFLMTDPEPS ,576
4,EHCNDFLPED ,577
4,EHCNLOTPAD ,578
4,EHCNLOTPADPE ,579
4,XHEART ,580
4,EHEART ,581
4,EHINLACD ,582
4,EHLACD ,583
4,EHPADBS ,584
4,EIV15BD ,585
4,XIV15BD ,586
4,EIV15D ,587
4,XIV15D ,588
4,EIV25BD ,589
4,XIV25BD ,590
4,EIV25D ,591
4,XIV25D ,592
4,EIV25PD ,593
4,XIV25PD ,594
4,XIV2BD ,595
4,EIV2BD ,596
4,EIV2D ,597
4,XIV2D ,598
4,EIV2PD ,599
4,XIV2PD ,600
4,EIV2PKD ,601
4,EIV35D ,602
4,XIV35D ,603
4,EIV38D ,604
4,XIV38D ,605
4,XIV38DSC2D ,606
4,EIV3BD ,607
4,XIV3BD ,608
4,EIV3D ,609
4,XIV3D ,610
4,EIV3PKD ,611
4,XIV3PKD ,612
4,EIV47D ,613
4,XIV47D ,614
4,XIV47DSC25D ,615
4,EIV4D ,616
4,XIV4D ,617
4,XIV4DSC2D ,618
4,EIV5D ,619
4,XIV5D ,620
4,XIV5DSC25D ,621
4,XIVD1C32D ,622
4,EIVD1C32D ,623
4,XIVD215D ,624
4,EIVD215D ,625
4,XIVD32D ,626
4,EIVD32D ,627
4,EIVFL6D ,628
4,XIVFL6D ,629
4,EIVFL85D ,630
4,XIVFL85D ,631
4,XIVTG25D ,632
4,XIVTG3D ,633
4,XIVTG4D ,634
4,EIVTG4D ,635
4,XIVTG5D ,636
4,EIVTG5D ,637
4,ELB11BKD ,638
4,XLB11BKD ,639
4,ELB11D ,640
4,XLB11D ,641
4,XLOT615D ,642
4,ELOT615D ,643
4,ELOTD625D ,644
4,XLOTD625D ,645
4,ELOTEG1CD ,646
4,XLOTEG315D ,647
4,ELOTEG315D ,648
4,ELOTEG3CDBAD ,649
4,XLOTEG42D ,650
4,ELOTEG42D ,651
4,ELOTEG615D ,652
4,XLOTEG615D ,653
4,ELOTEGD61CD ,654
4,XLOTEGD625D ,655
4,ELOTEGD625D ,656
4,ELOTORB65D ,657
4,XMMTD ,658
4,EMNPAD ,659
4,XMNPAD ,660
4,EMNSPAD ,661
4,XMNSPAD ,662
4,XMQ3D84P32DR ,663
4,EMQ625D ,664
4,XMQ625D ,665
4,XMQ725D ,666
4,EMQ725D ,667
4,XMQ825D ,668
4,XMQD735P32D ,669
4,XMQD84P32DR ,670
4,EMTCD ,671
4,XMTTD ,672
4,EMTTD ,673
4,XMTTDOP ,674
4,EMTTDOP ,675
4,XMTTDOPSC2D ,676
4,XMTTDPS ,677
4,EMTTDPS ,678
4,XP2CZ ,679
4,XP3CZ ,680
4,EP3CZ ,681
4,XPACD ,682
4,EPACD ,683
4,XPAISLD ,684
4,EPAISLD ,685
4,XPAISRD ,686
4,EPAISRD ,687
4,XPE625D ,688
4,EPE625D ,689
4,XPE6MQ4D ,690
4,XPE725D ,691
4,EPE725D ,692
4,XPEAR ,693
4,EPEAR ,694
4,EPK565M ,695
4,XPK565M ,696
4,EPK6565M ,697
4,XPK6565M ,698
4,EPK875M ,699
4,XPK875M ,700
4,XR11 ,701
4,XR125 ,702
4,XR1411 ,703
4,XR1465 ,704
4,XR148 ,705
4,XR1495 ,706
4,XR1611 ,707
4,XR16125 ,708
4,XR1665 ,709
4,XR168 ,710
4,XR1695 ,711
4,XR1SP5 ,712
4,XR1SP65 ,713
4,ER1SP65 ,714
4,XR1SP65BKOP ,715
4,ER1SP65BKOP ,716
4,XR1SP65OP ,717
4,ER1SP65OP ,718
4,ER1SP65TQ ,719
4,XR1SP8 ,720
4,ER1SP8 ,721
4,XR1SP8BKOP ,722
4,ER1SP8BKOP ,723
4,XR1SP8OP ,724
4,ER1SP8OP ,725
4,XR1SP8TQ ,726
4,ER1SP8TQ ,727
4,XR1SP95 ,728
4,ER1SP95 ,729
4,ER1SP95BKOP ,730
4,ER1SP95OP ,731
4,ER1SP95TQ ,732
4,XR2C65 ,733
4,XR2C8 ,734
4,XR3SP65 ,735
4,XR3SP65BKOP ,736
4,XR3SP65OP ,737
4,XR3SP65TQ ,738
4,XR3SP8 ,739
4,XR3SP8BKOP ,740
4,XR3SP8OP ,741
4,XR3SP8TQ ,742
4,XR3SP95 ,743
4,XR3SP95BKOP ,744
4,XR3SP95OP ,745
4,XR3SP95TQ ,746
4,XR3SPG65 ,747
4,XR3SPG65BKOP ,748
4,XR3SPG65OP ,749
4,XR3SPG65TQ ,750
4,XR3SPG8BKOP ,751
4,XR3SPG8OP ,752
4,XR3SPG8TQ ,753
4,XR3SPG95 ,754
4,XR3SPG95BKOP ,755
4,XR3SPG95OP ,756
4,XR3SPG95TQ ,757
4,XR3SPGR8 ,758
4,XR3SPL65 ,759
4,XR3SPL65BKOP ,760
4,XR3SPL65OP ,761
4,XR3SPL65TQ ,762
4,XR3SPL8 ,763
4,XR3SPL8BKOP ,764
4,XR3SPL8OP ,765
4,XR3SPL8TQ ,766
4,XR3SPL95 ,767
4,XR3SPL95BKOP ,768
4,XR3SPL95OP ,769
4,XR3SPL95TQ ,770
4,XR5 ,771
4,XR65 ,772
4,XR8 ,773
4,XR95 ,774
4,XRCOBD65BKD ,775
4,XRCOBD65D ,776
4,XRCOBD8BKD ,777
4,XRCOBD8RB ,778
4,XRCOBD95BKD ,779
4,XRCOBD95RB ,780
4,XRCOBOP8DBKD ,781
4,XRCOBOP8DRB ,782
4,XRCOBOP95BKD ,783
4,XRCOBOP95DRB ,784
4,ERGSP65TQ ,785
4,ERGSP8BKOP ,786
4,ERGSP8TQ ,787
4,ERGSP95BKOP ,788
4,ERGSP95OP ,789
4,ERGSP95TQ ,790
4,ERNB3BD8BS ,791
4,XRNB3BD8BS ,792
4,XRNB3BD8PS ,793
4,ERNB3BD8PS ,794
4,XRNB3D8DPS ,795
4,ERNB3D8DPS ,796
4,XRNB8BS ,797
4,XRNB8D ,798
4,XRNB8PS ,799
4,XRNB95BS ,800
4,XRNB95D ,801
4,XRNB95PS ,802
4,XRSC11D ,803
4,XRSC125D ,804
4,XRSC5D ,805
4,XRSC5OP ,806
4,XRSC65D ,807
4,XRSC65OP ,808
4,XRSC8D ,809
4,XRSC8OP ,810
4,XRSC95D ,811
4,XRSC95OP ,812
4,XRSPJ8 ,813
4,ERSPJ95 ,814
4,XRUR65DBKD ,815
4,XRUR65DD ,816
4,XRUR65OPBKD ,817
4,XRUR65OPD ,818
4,XRUR8DBKD ,819
4,XRUR8DD ,820
4,XRUR8DRB ,821
4,XRUR8OPBKD ,822
4,XRUR95DBKD ,823
4,XRUR95DD ,824
4,XRUR95DRB ,825
4,XRUR95OPBKD ,826
4,XSC12D ,827
4,ESC12D ,828
4,XSC15BD ,829
4,ESC15BD ,830
4,XSC15BKD ,831
4,ESC15BKD ,832
4,XSC15D ,833
4,ESC15D ,834
4,XSC15PD ,835
4,ESC15PD ,836
4,ESC15PKD ,837
4,XSC25BKD ,838
4,XSC25D ,839
4,ESC25D ,840
4,XSC2BD ,841
4,ESC2BD ,842
4,XSC2BKD ,843
4,ESC2BKD ,844
4,XSC2D ,845
4,ESC2D ,846
4,XSC2PD ,847
4,ESC2PD ,848
4,XSC2PKD ,849
4,ESC2PKD ,850
4,ESC3BD ,851
4,XSC3BD ,852
4,XSC3BKD ,853
4,ESC3BKD ,854
4,XSC3D ,855
4,ESC3D ,856
4,ESC3PD ,857
4,XSC3PD ,858
4,XSC3PKD ,859
4,XSCD32D ,860
4,ESCD32D ,861
4,XSCEG3CZ ,862
4,ESCEG3CZ ,863
4,XSCEG4CZ ,864
4,ESCEG4CZ ,865
4,XSCMQ4D ,866
4,ESCMQ4D ,867
4,XSHSTAR ,868
4,ESHSTAR ,869
4,XSK4BKDM ,870
4,XSK4RB ,871
4,XSK5BKDM ,872
4,XSK5DM ,873
4,XSK5RB ,874
4,XSK5RBM ,875
4,XSK65BKDM ,876
4,XSK65DM ,877
4,XSK65OPM ,878
4,XSL8DR ,879
4,ESLEG8D ,880
4,XSLEG8DR ,881
4,XSLIV55D ,882
4,ESLIV55D ,883
4,ESN10BKD ,884
4,XSN10BKD ,885
4,ESN10D ,886
4,XSN10D ,887
4,ESN10RB ,888
4,XSN10RB ,889
4,ESN5BKD ,890
4,XSN5BKD ,891
4,ESN5D ,892
4,XSN5D ,893
4,ESN5RB ,894
4,XSN5RB ,895
4,ESNEG10BKD ,896
4,XSNEG10BKD ,897
4,ESNEG10D ,898
4,XSNEG10D ,899
4,ESNEG10RB ,900
4,XSNEG10RB ,901
4,ESNEG5BKD ,902
4,XSNEG5BKD ,903
4,ESNEG5D ,904
4,XSNEG5D ,905
4,ESNEG5RB ,906
4,XSNEG5RB ,907
4,ESNPA10D ,908
4,XSNPA10D ,909
4,XSNPA10RB ,910
4,ESNPA10RB ,911
4,XSP3525 ,912
4,ESP3525 ,913
4,ESQ2D ,914
4,XSQ3BTRD ,915
4,ESQ3BTRD ,916
4,ESQ3D ,917
4,ESQ3DTRD ,918
4,XSQ4DTRD ,919
4,ESQGBS ,920
4,XSQGBS ,921
4,XSQGPS ,922
4,EST1CTR55D ,923
4,XSTAR ,924
4,ESTAR ,925
4,ESTAR45D ,926
4,XSTAR45D ,927
4,ESTAR55D ,928
4,XSTAR55D ,929
4,ESTAR7D ,930
4,XSTAR7D ,931
4,XSTARD ,932
4,ESTARD ,933
4,ETNCOBBKDBKD ,934
4,XTNCOBBKDBKD ,935
4,ETNCOBBKDRB ,936
4,XTNCOBBKDRB ,937
4,ETNCOBDD ,938
4,XTNCOBDD ,939
4,XTNCOBDRB ,940
4,ETNCOBRBBKD ,941
4,XTNCOBRBBKD ,942
4,ETNCOBRBD ,943
4,EURPA4D ,944
4,XURPA4D ,945
4,EURPA4DOP ,946
4,XURPA4DOP ,947
4,XURPA5D ,948
4,EURPA5D ,949
4,XURPA5DOP ,950
4,EURPA5DOP ,951
4,EURPAP5DOP ,952
4,XURPAPRS4BKD ,953
4,EURPAPRS4BKD ,954
4,XURPAPRS5BKD ,955
4,EURPAPRS5BKD ,956
4,XWB10BKD ,957
4,EWB10BKD ,958
4,XWB10D ,959
4,EWB10D ,960
4,EWB15BKD ,961
4,XWB15BKD ,962
4,EWB15D ,963
4,XWB15D ,964
4,XXMARK ,965
4,EXMARK ,966