645,XMQD84P32DR,1
645,XMQ3D84P32DR,2
645,XMQD735P32D,3
645,XCAPIVDR,4
645,XGALOTIV42DR,5
645,XBARTS18R,6
645,XBARAPIV18DR,7
645,EBARAPIV18D,8
645,XBARAPIV11DR,9
645,EBARAPIV11D,10
645,ECLBARCCRIVD18D,11
645,XIVTG25D,12
645,XIVTG3D,13
645,XBARTS11R,14
645,EBARTS11,15
645,XIVTG4D,16
645,EIVTG4D,17
645,XIVTG5D,18
645,EIVTG5D,19
645,XETHM65D,20
645,XETHIVM65D,21
645,XSLEG8DR,22
645,ESLEG8D,23
645,XSL8DR,24
645,XCHMQF735D,25
645,XCHMQF63D,26
645,XBARCRIVD11DR,27
645,ECOGALOTIV42D,28
645,XBARCRIVD18DR,29
645,XCHPEF64D,30
645,XCHPEF43D,31
645,ECLBARCTS18,32
645,XSLIV55D,33
645,ESLIV55D,34
645,X1CBA8D,35
645,X1CBA95D,36
645,X1EB1CH16,37
645,E2OP,38
645,X2OP,39
645,E2PE,40
645,X2PE,41
645,X2TN813D,42
645,X2TN813D18,43
645,X2TN813D182,44
645,E2TND,45
645,E2TND18,46
645,E2TQ,47
645,X2TQ,48
645,X3BTR,49
645,E3BTR,50
645,E3BTRL,51
645,X3BTRL,52
645,E3CZ,53
645,X3CZ,54
645,X3DTRBKD,55
645,E3DTRD,56
645,X3DTRD,57
645,E3DTRDL,58
645,X3DTRDL,59
645,E3IVD,60
645,X3IVD,61
645,E3OP,62
645,X3OP,63
645,E3OPTR,64
645,X3OPTR,65
645,E3OPTRL,66
645,X3OPTRL,67
645,E3TQ,68
645,X3TQ,69
645,X3TQTR,70
645,E3TQTR,71
645,X3TQTRL,72
645,E3TQTRL,73
645,E4BTR,74
645,X4BTR,75
645,E4BTRD,76
645,X4BTRD,77
645,E4BTROP,78
645,X4BTROP,79
645,E4BTRRB,80
645,X4BTRRB,81
645,E4BTRTQ,82
645,X4BTRTQ,83
645,E4DTRD,84
645,X4DTRD,85
645,E4OP,86
645,X4OP,87
645,X4TQ,88
645,X5IVD,89
645,E5IVD,90
645,X5IVD2,91
645,E5OP,92
645,X5OP,93
645,EAJN,94
645,XAJN,95
645,EAJN3B,96
645,XAJN3B,97
645,EAJNDPE,98
645,XAJNDPE,99
645,XAPM65D,100
645,XAPM65IVD,101
645,EAR10D,102
645,XAR10D,103
645,XAR75D,104
645,EAR7D,105
645,XB15,106
645,EB2,107
645,XB2,108
645,EB25,109
645,XB25,110
645,EB3,111
645,XB3,112
645,EB4,113
645,EBAD,114
645,XBAD,115
645,XBADTRD,116
645,EBAR11,117
645,XBAR11,118
645,EBAR11M,119
645,XBAR11M,120
645,XBAR11MD3,121
645,EBAR11MD3,122
645,EBAR11PAD,123
645,XBAR11PAD,124
645,EBAR18M,125
645,XBAR18M,126
645,EBAR18MD3,127
645,XBAR18MD3,128
645,EBAR18PAD,129
645,XBAR18PAD,130
645,EBAR7,131
645,XBAR7,132
645,EBAR7M,133
645,XBAR7M,134
645,EBAR7MD3,135
645,XBAR7MD3,136
645,EBAR7PAD,137
645,XBAR7PAD,138
645,EBARAPIV11D,139
645,XBARAPIV11DR,140
645,EBARAPIV18D,141
645,XBARAPIV18DR,142
645,EBARCRIVD11D,143
645,XBARCRIVD11DR,144
645,XBARCRIVD18DR,145
645,EBARR11,146
645,XBARR11,147
645,XBARR11DM,148
645,EBARR11DM,149
645,EBARR11M,150
645,XBARR11M,151
645,EBARR18,152
645,XBARR18,153
645,EBARR18M,154
645,XBARR18M,155
645,EBARR7,156
645,XBARR7,157
645,XBARR7DM,158
645,EBARR7DM,159
645,EBARR7M,160
645,XBARR7M,161
645,EBARTS11,162
645,XBARTS11R,163
645,XBARTS18R,164
645,EBAT10BKD,165
645,XBAT10BKD,166
645,EBAT10D,167
645,XBAT10D,168
645,EBAT10RB,169
645,XBAT10RB,170
645,XBAT75BKD,171
645,EBAT75D,172
645,XBAT75D,173
645,EBAT75RB,174
645,XBAT75RB,175
645,EBF,176
645,XBF,177
645,EBO7D,178
645,XBO7D,179
645,EBO9D,180
645,XBO9D,181
645,EBR4OP,182
645,EBRKBS,183
645,XBRKBS,184
645,EBRKCZ,185
645,XBRKCZ,186
645,EBRKPS,187
645,XBRKPS,188
645,EBRKRB,189
645,XBRKRB,190
645,XBRT2CZ,191
645,EBRT3BS,192
645,XBRT3BS,193
645,EBRT3CZ,194
645,XBRT3CZ,195
645,EBRT3PS,196
645,XBRT3PS,197
645,EBRT3RB,198
645,XBRT3RB,199
645,XBS18DBS,200
645,XBS18DOP,201
645,EBS18DOP,202
645,XBS18DOP2,203
645,EBY4D,204
645,XBY4D,205
645,EBYMQCZ,206
645,XBYMQCZ,207
645,EBYMQD,208
645,XBYMQD,209
645,EBYMQOP,210
645,EC3FLD,211
645,XC3FLD,212
645,XC3FLOP,213
645,EC3FLOP,214
645,XC3FLOPR,215
645,EC3STD,216
645,XC3STD,217
645,XCAPIVDR,218
645,ECFL5D,219
645,XCHMQF63D,220
645,XCHMQF735D,221
645,XCHPEF43D,222
645,XCHPEF64D,223
645,ECL3OP,224
645,ECLBARCCRIVD18D,225
645,ECLBARCTS18,226
645,XCLV55DBS,227
645,XCLV55DPS,228
645,XCLV7DBS,229
645,XCLV7DPS,230
645,ECLVD,231
645,XCLVD,232
645,XCOBRAD,233
645,ECOGALOTIV42D,234
645,XDAL,235
645,EDAL,236
645,EDELD,237
645,XDELD,238
645,EDELDBS,239
645,XDELDBS,240
645,XDELDD1CH,241
645,EDELDPS,242
645,XDELDPS,243
645,EDG5D,244
645,XDG5D,245
645,EDG65BKD,246
645,XDG65BKD,247
645,EDG65D,248
645,XDG65D,249
645,XDG65DOP,250
645,EDGTR65BKD,251
645,XDGTR65BKD,252
645,EDGTR65D,253
645,XDGTR65D,254
645,XDGTR65OP,255
645,EDGTR65OP,256
645,XDGTR65RB,257
645,EDGTR65RB,258
645,EDM15,259
645,EDM2,260
645,EDS5D,261
645,XDS5D,262
645,XDS5DOP,263
645,EDS5OP,264
645,XDSL22DBS,265
645,EDSL22DOP,266
645,XDSL22DOP,267
645,EDSLB22DBKDRB,268
645,XDSLB22DBKDRB,269
645,EDSLB22DOPRB,270
645,XDSLB22DOPRB,271
645,XETHIVM65D,272
645,XETHM65D,273
645,EFL3D,274
645,XFL3D,275
645,EFL45BD,276
645,XFL45BD,277
645,EFL45BKD,278
645,XFL45BKD,279
645,XFL45CZ,280
645,EFL45D,281
645,XFL45D,282
645,XFL45PD,283
645,EFL45PD,284
645,EFL45PKD,285
645,EFL55BD,286
645,XFL55BD,287
645,EFL55BKD,288
645,XFL55BKD,289
645,EFL55CZ,290
645,XFL55CZ,291
645,EFL55D,292
645,XFL55D,293
645,EFL55PD,294
645,XFL55PD,295
645,EFL55PKD,296
645,EFL7BD,297
645,XFL7BD,298
645,EFL7D,299
645,XFL7D,300
645,EFL7DPE,301
645,XFL7DPE,302
645,EFL7PD,303
645,XFL7PD,304
645,EFL7PKD,305
645,XFL7PKD,306
645,XFL8CZ,307
645,XFLD45D,308
645,EFLD45D,309
645,XFLD45D1CH,310
645,EFLD55D,311
645,XFLD55D,312
645,EFLD5OP,313
645,XFLD5OP,314
645,EFLD65OP,315
645,XFLD65OP,316
645,EFLD75OP,317
645,XFLD75OP,318
645,XFLDM65OP,319
645,EFLP55BKD,320
645,XFLP55BKD,321
645,EFLP55D,322
645,XFLP55D,323
645,EFLP55DRB,324
645,XFLP55DRB,325
645,EFLP55OP,326
645,XFLP55OP,327
645,EFLP8BKD,328
645,XFLP8BKD,329
645,XFLP8BS,330
645,EFLP8D,331
645,XFLP8D,332
645,EFLP8DRB,333
645,XFLP8DRB,334
645,EFLP8OP,335
645,XFLP8OP,336
645,EFLPED,337
645,XFLPED,338
645,XFLR55D3CBAD,339
645,EG3BS,340
645,XG3BS,341
645,EG3CZ,342
645,XG3CZ,343
645,EG3OP,344
645,EG3PS,345
645,XG3PS,346
645,EG3RB,347
645,XG3RB,348
645,XG3TQ,349
645,EG5OP,350
645,XG5OP,351
645,XGALOTIV42DR,352
645,XHEART,353
645,EHEART,354
645,EIV15BD,355
645,XIV15BD,356
645,EIV15D,357
645,XIV15D,358
645,EIV25BD,359
645,XIV25BD,360
645,EIV25D,361
645,XIV25D,362
645,EIV25PD,363
645,XIV25PD,364
645,EIV2BD,365
645,XIV2BD,366
645,EIV2D,367
645,XIV2D,368
645,EIV2PD,369
645,XIV2PD,370
645,EIV2PKD,371
645,EIV35D,372
645,XIV35D,373
645,EIV38D,374
645,XIV38D,375
645,XIV38DSC2D,376
645,EIV3BD,377
645,XIV3BD,378
645,EIV3D,379
645,XIV3D,380
645,XIV3PKD,381
645,EIV3PKD,382
645,EIV47D,383
645,XIV47D,384
645,XIV47DSC25D,385
645,EIV4D,386
645,XIV4D,387
645,XIV4DSC2D,388
645,EIV5D,389
645,XIV5D,390
645,XIV5DSC25D,391
645,XIVD1C32D,392
645,EIVD1C32D,393
645,EIVD215D,394
645,XIVD215D,395
645,EIVD32D,396
645,XIVD32D,397
645,EIVFL6D,398
645,XIVFL6D,399
645,EIVFL85D,400
645,XIVFL85D,401
645,XIVTG25D,402
645,XIVTG3D,403
645,EIVTG4D,404
645,XIVTG4D,405
645,EIVTG5D,406
645,XIVTG5D,407
645,ELB11BKD,408
645,XLB11BKD,409
645,ELB11D,410
645,XLB11D,411
645,ELOT615D,412
645,XLOT615D,413
645,ELOTD625D,414
645,XLOTD625D,415
645,XLOTEG315D,416
645,ELOTEG315D,417
645,XLOTEG42D,418
645,ELOTEG42D,419
645,XLOTEG615D,420
645,ELOTEG615D,421
645,XLOTEGD625D,422
645,ELOTEGD625D,423
645,EMAR,424
645,XMMTD,425
645,EMNPAD,426
645,XMNPAD,427
645,EMNSPAD,428
645,XMNSPAD,429
645,XMQ3D84P32DR,430
645,EMQ625D,431
645,XMQ625D,432
645,EMQ725D,433
645,XMQ725D,434
645,XMQ7MQ4D,435
645,XMQ825D,436
645,XMQD735P32D,437
645,XMQD84P32DR,438
645,EMTCD,439
645,EMTOPTZ,440
645,EMTTD,441
645,XMTTD,442
645,XMTTDOP,443
645,EMTTDOP,444
645,XMTTDOPSC2D,445
645,EMTTDPS,446
645,XMTTDPS,447
645,XP2CZ,448
645,EP3CZ,449
645,XP3CZ,450
645,EPACD,451
645,XPACD,452
645,EPAISLD,453
645,XPAISLD,454
645,EPAISRD,455
645,XPAISRD,456
645,EPE625D,457
645,XPE625D,458
645,XPE6MQ4D,459
645,EPE725D,460
645,XPE725D,461
645,XPE7MQ4D,462
645,EPEAR,463
645,XPEAR,464
645,ESC12D,465
645,XSC12D,466
645,ESC15BD,467
645,XSC15BD,468
645,ESC15BKD,469
645,XSC15BKD,470
645,ESC15D,471
645,XSC15D,472
645,XSC15PD,473
645,ESC15PD,474
645,ESC15PKD,475
645,XSC25BKD,476
645,ESC25D,477
645,XSC25D,478
645,ESC2BD,479
645,XSC2BD,480
645,ESC2BKD,481
645,XSC2BKD,482
645,ESC2D,483
645,XSC2D,484
645,ESC2PD,485
645,XSC2PD,486
645,ESC2PKD,487
645,XSC2PKD,488
645,ESC3BD,489
645,XSC3BD,490
645,ESC3BKD,491
645,XSC3BKD,492
645,ESC3CZ,493
645,ESC3D,494
645,XSC3D,495
645,ESC3PD,496
645,XSC3PD,497
645,XSC3PKD,498
645,XSCD32D,499
645,ESCD32D,500
645,ESCEG3CZ,501
645,XSCEG3CZ,502
645,ESCEG4CZ,503
645,XSCEG4CZ,504
645,ESCMQ4D,505
645,XSCMQ4D,506
645,ESHSTAR,507
645,XSHSTAR,508
645,ESK4BKDM,509
645,XSK4BKDM,510
645,ESK4RB,511
645,XSK4RB,512
645,ESK5BKDM,513
645,XSK5BKDM,514
645,ESK5DM,515
645,XSK5DM,516
645,XSK5RB,517
645,XSK5RBM,518
645,ESK65BKDM,519
645,XSK65BKDM,520
645,XSK65DM,521
645,ESK65OPM,522
645,XSK65OPM,523
645,XSL8DR,524
645,ESLEG8D,525
645,XSLEG8DR,526
645,ESLIV55D,527
645,XSLIV55D,528
645,ESN10BKD,529
645,XSN10BKD,530
645,ESN10D,531
645,XSN10D,532
645,ESN10RB,533
645,XSN10RB,534
645,ESN5BKD,535
645,XSN5BKD,536
645,ESN5D,537
645,XSN5D,538
645,ESN5RB,539
645,XSN5RB,540
645,ESNEG10BKD,541
645,XSNEG10BKD,542
645,ESNEG10D,543
645,XSNEG10D,544
645,ESNEG10RB,545
645,XSNEG10RB,546
645,ESNEG5BKD,547
645,XSNEG5BKD,548
645,ESNEG5D,549
645,XSNEG5D,550
645,ESNEG5RB,551
645,XSNEG5RB,552
645,ESNPA10D,553
645,XSNPA10D,554
645,XSNPA10DRB,555
645,ESNPA10RB,556
645,XSNPA10RB,557
645,ESP3525,558
645,XSP3525,559
645,ESQ2D,560
645,ESQ3BTRD,561
645,XSQ3BTRD,562
645,ESQ3D,563
645,ESQ3DTRD,564
645,XSQ4DTRD,565
645,ESQGBS,566
645,XSQGBS,567
645,XSQGPS,568
645,EST1CTR55D,569
645,ESTAR,570
645,XSTAR,571
645,ESTAR45D,572
645,XSTAR45D,573
645,ESTAR55D,574
645,XSTAR55D,575
645,ESTAR7D,576
645,XSTAR7D,577
645,ESTARD,578
645,XSTARD,579
645,XURPA4D,580
645,EURPA4D,581
645,EURPA4DOP,582
645,XURPA4DOP,583
645,XURPA5D,584
645,EURPA5D,585
645,EURPA5DOP,586
645,XURPA5DOP,587
645,EURPAP5DOP,588
645,XURPAPRS4BKD,589
645,EURPAPRS4BKD,590
645,XURPAPRS5BKD,591
645,EURPAPRS5BKD,592
645,EWB10BKD,593
645,XWB10BKD,594
645,EWB10D,595
645,XWB10D,596
645,EWB15BKD,597
645,XWB15BKD,598
645,EWB15D,599
645,XWB15D,600
645,EXMARK,601
645,XXMARK,602