701,X1CBA8D,1
701,X1CBA95D,2
701,X1EB1CH16,3
701,X1EB1CH22,4
701,J2J1CH76,5
701,J2J2CH76,6
701,J2J2SC1C76D,7
701,X2OP,8
701,E2OP,9
701,E2PE,10
701,E2TQ,11
701,X3BTR,12
701,E3BTR,13
701,E3BTRL,14
701,X3DTRD,15
701,E3DTRD,16
701,E3DTRDL,17
701,X3OP,18
701,E3OP,19
701,X3TQ,20
701,E3TQ,21
701,E3TQTR,22
701,E3TQTRL,23
701,X4BTR,24
701,E4BTR,25
701,X4BTRD,26
701,E4BTRD,27
701,X4BTROP,28
701,E4BTROP,29
701,E4BTRTQ,30
701,X4DTRD,31
701,E4DTRD,32
701,X5OP,33
701,E5OP,34
701,XAJN,35
701,EAJN,36
701,XAJN3B,37
701,EAJN3B,38
701,XAJNDPE,39
701,EAJNDPE,40
701,EAR10D,41
701,EAR7D,42
701,XB25,43
701,EB25,44
701,XB3,45
701,EB3,46
701,XB4,47
701,EB4,48
701,EBAR7,49
701,EBAR7M,50
701,EBAR7MD3,51
701,EBAR7PAD,52
701,EBARR7,53
701,EBARR7M,54
701,XBF,55
701,EBF,56
701,XC3FLD,57
701,EC3FLD,58
701,EC3FLOP,59
701,XC3STD,60
701,EC3STD,61
701,ECFL5D,62
701,XCHBAD,63
701,XCHDG5D,64
701,XCHFR2FP53D,65
701,XCHFR3FP75D,66
701,XCHLB11D,67
701,XCHMQ63D,68
701,XCHMQ73D,69
701,XCHMQF735D,70
701,XCHP53D,71
701,XCHP75D,72
701,XCHPEF43D,73
701,XCHPEF64D,74
701,XCHPEF75D,75
701,XCHSCMQ4D,76
701,XCHSQD,77
701,XCHSTAR45D,78
701,XCHSTAR55D,79
701,XCHTRD,80
701,XDELDBS,81
701,EDELDBS,82
701,XDELDD1CH,83
701,EDG65BKD,84
701,EDG65D,85
701,XET125BKD,86
701,XET125D,87
701,XET1SP65,88
701,XET1SP65BKOP,89
701,XET1SP65OP,90
701,XET1SP8,91
701,XET1SP8BKOP,92
701,XET1SP8OP,93
701,XET1SP95,94
701,XET1SP95BKOP,95
701,XET1SP95OP,96
701,XET3SPL65D,97
701,XET3SPL8D,98
701,XET3SPL95D,99
701,XET65BKD,100
701,XET65D,101
701,XET8BKD22,102
701,XET8D22,103
701,XETST6545D,104
701,XETST845D,105
701,XETST9545D,106
701,XETSTAR8D38,107
701,EIV25D,108
701,EIV2D,109
701,EIV35D,110
701,EIV3D,111
701,XIVD1C32D,112
701,EIVD1C32D,113
701,XIVD215D,114
701,EIVD215D,115
701,XIVD32D,116
701,EIVD32D,117
701,ELB11BKD,118
701,XLB11BKD,119
701,ELB11D,120
701,XLB11D,121
701,ELOT615D,122
701,EMNPAD,123
701,XMNPAD,124
701,EMNSPAD,125
701,XMNSPAD,126
701,XPACD,127
701,EPACD,128
701,XPAISLD,129
701,EPAISLD,130
701,XPAISRD,131
701,EPAISRD,132
701,JPE531C20D,133
701,JPE531C40D,134
701,JPE53SC31C32D,135
701,XR1SP65,136
701,XR1SP65BKOP,137
701,XR1SP65OP,138
701,XR1SP8,139
701,XR1SP8BKOP,140
701,XR1SP8OP,141
701,XR1SP8TQ,142
701,XR1SP95,143
701,XR3SP65,144
701,XR3SP65BKOP,145
701,XR3SP8,146
701,XR3SP8BKOP,147
701,XR3SP95,148
701,XR3SP95BKOP,149
701,XR3SPG65,150
701,XR3SPG65BKOP,151
701,XR3SPG65OP,152
701,XR3SPG8BKOP,153
701,XR3SPG8OP,154
701,XR3SPG95,155
701,XR3SPG95BKOP,156
701,XR3SPG95OP,157
701,XR3SPGR8,158
701,XR3SPL65,159
701,XR3SPL65OP,160
701,XR3SPL65TQ,161
701,XR3SPL8,162
701,XR3SPL8OP,163
701,XR3SPL95,164
701,XR3SPL95OP,165
701,XR3SPL95TQ,166
701,XR65,167
701,XR8,168
701,XSC15BKD,169
701,ESC15BKD,170
701,XSC25D,171
701,ESC25D,172
701,XSC2D,173
701,ESC2D,174
701,XSC3BKD,175
701,ESC3BKD,176
701,XSC3D,177
701,ESC3D,178
701,XSHSTAR,179
701,ESHSTAR,180
701,JSP1C20,181
701,JSP1C40,182
701,JSPL1C20,183
701,JSPL1C40,184
701,XST1CTR55D,185
701,EST1CTR55D,186
701,XSTAR,187
701,ESTAR,188
701,ESTAR45D,189
701,XSTAR45D,190
701,KSTAR45D,191
701,ESTAR55D,192
701,XSTAR55D,193
701,ESTAR7D,194
701,XSTAR7D,195
701,XSTARD,196
701,ESTARD,197
701,XXMARK,198
701,EXMARK,199