4,XMQD735P32D,1
4,XMQD84P32DR,2
4,XMQ3D84P32DR,3
4,XGALOTIV42DR,4
4,XET3SPLSL8D,5
4,XET3SPLSL65D,6
4,XET1SPLSL8D,7
4,XBARAPIV11DR,8
4,EBARAPIV11D,9
4,ECLBARCCRIVD18D,10
4,XBARTS11R,11
4,EBARTS11,12
4,XIVTG4D,13
4,EIVTG4D,14
4,XIVTG3D,15
4,XIVTG25D,16
4,XIVTG5D,17
4,EIVTG5D,18
4,XET1SPLSL65D,19
4,XET1SPSL8D,20
4,XET1SPSL65D,21
4,XSLEG8DR,22
4,ESLEG8D,23
4,XSL8DR,24
4,XCHMQF735D,25
4,XCHMQF63D,26
4,XBARCRIVD11DR,27
4,EBARCRIVD11D,28
4,ECOGALOTIV42D,29
4,XCHPEF64D,30
4,XCHPEF43D,31
4,ECLBARCTS18,32
4,EBARAPIV18D,33
4,XSLIV55D,34
4,ESLIV55D,35
4,X1CBA8D ,36
4,X1CBA95D ,37
4,X1EB1CH16 ,38
4,X2AP65D ,39
4,X2AP65DOP ,40
4,X2AP65DOPTQ ,41
4,X2AP8D ,42
4,X2AP8DOP ,43
4,X2AP8DOPTQ ,44
4,X2AP95D ,45
4,X2AP95DOP ,46
4,X2AP95DOPTQ ,47
4,E2C2ETC65D ,48
4,X2EB1CH76 ,49
4,X2EB2C3SC3PETRD ,50
4,X2EB2C5C2MQPED ,51
4,E2EB2C5C2MQPED ,52
4,X2EB2CH65 ,53
4,X2EB2SC1CH76D ,54
4,X2EB3CDELMQ3CD ,55
4,E2EB3CDELMQ3CD ,56
4,X2EB3CFLMQCPED ,57
4,E2ET65D ,58
4,X2ET65D ,59
4,E2ET65TQ ,60
4,E2ET824MQIV65D ,61
4,E2ET865D ,62
4,E2ETC565D ,63
4,X2ETC565D ,64
4,E2ETC865D ,65
4,E2ETXR65D ,66
4,X2HCCM65 ,67
4,X2HCCM65D ,68
4,X2HCCM65DD ,69
4,X2HCCM8 ,70
4,X2HCCM8D ,71
4,X2HCCS65 ,72
4,X2HCCS65D ,73
4,X2HCCS65DD ,74
4,X2HCCS8 ,75
4,X2HCCS8D ,76
4,X2HN8 ,77
4,X2OP ,78
4,E2OP ,79
4,E2PE ,80
4,X2PE ,81
4,X2TN813D ,82
4,X2TN813D182 ,83
4,X2TNBAD ,84
4,E2TND ,85
4,E2TND18 ,86
4,X2TNDBASQD ,87
4,X2TNDBATRD ,88
4,E2TQ ,89
4,X2TQ ,90
4,X3BTR ,91
4,E3BTR ,92
4,E3BTRL ,93
4,X3BTRL ,94
4,E3CZ ,95
4,X3DTRBKD ,96
4,X3DTRD ,97
4,E3DTRD ,98
4,E3DTRDL ,99
4,X3DTRDL ,100
4,X3ET65D ,101
4,E3ETC565D ,102
4,X3ETC565D ,103
4,E3ETIV9524IV8D2 ,104
4,E3IVD ,105
4,X3IVD ,106
4,X3OP ,107
4,E3OP ,108
4,E3OPTR ,109
4,E3OPTRL ,110
4,X3P52D ,111
4,X3P52DPS ,112
4,X3P652D ,113
4,E3P652D ,114
4,X3P653D ,115
4,X3P653DBS ,116
4,X3P653DPS ,117
4,E3P82D ,118
4,X3P82D ,119
4,X3P83D ,120
4,X3P83DBS ,121
4,X3P83DPS ,122
4,E3P952D ,123
4,X3P952D ,124
4,X3PAIV11D ,125
4,X3PAIV5D ,126
4,X3PAIV65D ,127
4,X3PAIV8D ,128
4,X3PTR653D ,129
4,E3PTR653D ,130
4,X3PTR83D ,131
4,E3PTR83D ,132
4,E3PTR953D ,133
4,E3TQ ,134
4,X3TQ ,135
4,E3TQTR ,136
4,X3TQTRL ,137
4,E3TQTRL ,138
4,X432OP ,139
4,X4BTR ,140
4,E4BTR ,141
4,X4BTRD ,142
4,E4BTRD ,143
4,X4BTROP ,144
4,E4BTROP ,145
4,E4BTRRB ,146
4,E4BTRTQ ,147
4,X4BTRTQ ,148
4,X4DTRD ,149
4,E4DTRD ,150
4,X4OP ,151
4,E4OP ,152
4,X4TQ ,153
4,E5IVD ,154
4,X5IVD2 ,155
4,X5OP ,156
4,E5OP ,157
4,X5PA5D ,158
4,X5PA5DBKD ,159
4,X5PA5DOP2 ,160
4,X5PA5DTQ2 ,161
4,X5PA65D ,162
4,X5PA65D2 ,163
4,X5PA65DBKD2 ,164
4,X5PA65DOP2 ,165
4,X5PA65DR2 ,166
4,X5PA65DTQ2 ,167
4,X5PA8BKD2 ,168
4,X5PA8D ,169
4,X5PA8D2 ,170
4,X5PA8DBKD2 ,171
4,X5PA8DOP2 ,172
4,X5PA8DR2 ,173
4,X5PA8DTQ2 ,174
4,X5PA95D ,175
4,X5PA95D2 ,176
4,X5PA95DBKD2 ,177
4,X5PA95DOP2 ,178
4,X5PA95DR2 ,179
4,X5PA95DTQ2 ,180
4,XAJN ,181
4,EAJN ,182
4,XAJN3B ,183
4,EAJN3B ,184
4,XAJNDPE ,185
4,EAJNDPE ,186
4,EAR10D ,187
4,XAR10D ,188
4,XAR75D ,189
4,EAR7D ,190
4,XB2 ,191
4,EB2 ,192
4,XB25 ,193
4,EB25 ,194
4,XB3 ,195
4,EB3 ,196
4,EB4 ,197
4,XBAD ,198
4,EBAD ,199
4,XBADTRD ,200
4,EBAR11 ,201
4,XBAR11 ,202
4,EBAR11M ,203
4,XBAR11M ,204
4,EBAR11MD3 ,205
4,XBAR11MD3 ,206
4,XBAR11PAD ,207
4,EBAR11PAD ,208
4,EBAR18M ,209
4,XBAR18M ,210
4,EBAR18MD3 ,211
4,XBAR18MD3 ,212
4,XBAR18PAD ,213
4,EBAR18PAD ,214
4,EBAR7 ,215
4,XBAR7 ,216
4,EBAR7M ,217
4,XBAR7M ,218
4,XBAR7MD3 ,219
4,EBAR7MD3 ,220
4,EBAR7MSD ,221
4,EBAR7PAD ,222
4,XBAR7PAD ,223
4,EBARAPIV11D ,224
4,XBARAPIV11DR ,225
4,EBARAPIV18D ,226
4,EBARCRIVD11D ,227
4,XBARCRIVD11DR ,228
4,EBARR11 ,229
4,XBARR11 ,230
4,EBARR11DM ,231
4,XBARR11DM ,232
4,EBARR11M ,233
4,XBARR11M ,234
4,EBARR11MSD ,235
4,EBARR18 ,236
4,XBARR18 ,237
4,EBARR18M ,238
4,XBARR18M ,239
4,XBARR7 ,240
4,EBARR7 ,241
4,EBARR7DM ,242
4,XBARR7DM ,243
4,EBARR7M ,244
4,XBARR7M ,245
4,EBARTS11 ,246
4,XBARTS11R ,247
4,EBAT10BKD ,248
4,XBAT10BKD ,249
4,XBAT10D ,250
4,EBAT10D ,251
4,XBAT10RB ,252
4,EBAT10RB ,253
4,XBAT75BKD ,254
4,XBAT75D ,255
4,EBAT75D ,256
4,XBAT75RB ,257
4,EBAT75RB ,258
4,XBF ,259
4,EBF ,260
4,XBO7D ,261
4,EBO7D ,262
4,XBO9D ,263
4,EBO9D ,264
4,EBR4OP ,265
4,XBRKBS ,266
4,EBRKBS ,267
4,XBRKCZ ,268
4,EBRKCZ ,269
4,XBRKPS ,270
4,EBRKPS ,271
4,XBRKRB ,272
4,EBRKRB ,273
4,XBRT2CZ ,274
4,XBRT3BS ,275
4,EBRT3BS ,276
4,XBRT3CZ ,277
4,EBRT3CZ ,278
4,XBRT3PS ,279
4,EBRT3PS ,280
4,XBS18DBS ,281
4,EBS18DOP ,282
4,XBS18DOP ,283
4,XBS18DOP2 ,284
4,XBY4D ,285
4,EBY4D ,286
4,XBYMQCZ ,287
4,EBYMQCZ ,288
4,EBYMQD ,289
4,XBYMQD ,290
4,EBYMQOP ,291
4,XC3FLD ,292
4,EC3FLD ,293
4,EC3FLOP ,294
4,XC3FLOP ,295
4,XC3STD ,296
4,EC3STD ,297
4,ECFL5D ,298
4,XCFL5D ,299
4,XCHMQF63D ,300
4,XCHMQF735D ,301
4,XCHPEF43D ,302
4,XCHPEF64D ,303
4,ECL3OP ,304
4,ECLBARCCRIVD18D ,305
4,ECLBARCTS18 ,306
4,ECLOTIV42D ,307
4,XCLV55DBS ,308
4,ECLV55DBS ,309
4,XCLV55DPS ,310
4,ECLV55DPS ,311
4,XCLV7DBS ,312
4,ECLV7DBS ,313
4,XCLV7DPS ,314
4,ECLV7DPS ,315
4,XCLVD ,316
4,ECLVD ,317
4,XCN5PE ,318
4,XCN65BD ,319
4,XCN65BKD ,320
4,XCN65CD ,321
4,XCN65D ,322
4,XCN65PE ,323
4,XCN8BD ,324
4,XCN8BKD ,325
4,XCN8CD ,326
4,XCN8D ,327
4,XCN8PE ,328
4,XCN95BD ,329
4,XCN95BKD ,330
4,XCN95D ,331
4,XCN95PE ,332
4,XCNBD8D ,333
4,XCNBD95D ,334
4,XCNBKD8BKD ,335
4,XCNBKD8D ,336
4,XCNBKD95BKD ,337
4,XCNBKD95D ,338
4,XCND8BKD ,339
4,XCND8CD ,340
4,XCND8D ,341
4,XCND8PED ,342
4,XCND95BKD ,343
4,XCND95CD ,344
4,XCND95D ,345
4,XCND95DBD ,346
4,XCND95PEBKD ,347
4,XCND95PED ,348
4,ECOBRAD ,349
4,XCOBRAD ,350
4,ECOGALOTIV42D ,351
4,XCRT65D ,352
4,XCRT8D ,353
4,XCRT95D ,354
4,XDAL ,355
4,EDAL ,356
4,XDELD ,357
4,EDELD ,358
4,XDELDBS ,359
4,EDELDBS ,360
4,XDELDD1CH ,361
4,XDELDPS ,362
4,EDELDPS ,363
4,XDG5D ,364
4,EDG5D ,365
4,EDG65BKD ,366
4,XDG65BKD ,367
4,EDG65D ,368
4,XDG65D ,369
4,XDG65DOP ,370
4,XDGTR65BKD ,371
4,EDGTR65BKD ,372
4,XDGTR65D ,373
4,EDGTR65D ,374
4,XDGTR65OP ,375
4,EDGTR65OP ,376
4,XDGTR65RB ,377
4,EDGTR65RB ,378
4,EDM15 ,379
4,EDM2 ,380
4,EDS5D ,381
4,XDS5D ,382
4,XDS5DOP ,383
4,EDS5OP ,384
4,XDSL22DBS ,385
4,EDSL22DOP ,386
4,XDSL22DOP ,387
4,EDSLB22DBKDRB ,388
4,XDSLB22DBKDRB ,389
4,EDSLB22DOPRB ,390
4,XDSLB22DOPRB ,391
4,XET11BKD ,392
4,XET11D ,393
4,XET125BKD ,394
4,XET125D ,395
4,XET155D ,396
4,XET1SP65 ,397
4,XET1SP65BKOP ,398
4,XET1SP65OP ,399
4,XET1SP65TQ ,400
4,XET1SP8 ,401
4,XET1SP8BKOP ,402
4,XET1SP8OP ,403
4,XET1SP8TQ ,404
4,XET1SP95 ,405
4,XET1SP95BKOP ,406
4,XET1SP95OP ,407
4,XET1SP95TQ ,408
4,XET1SPLSL65D ,409
4,XET1SPLSL8D ,410
4,XET1SPSL65D ,411
4,XET1SPSL8D ,412
4,EET2C2D65D ,413
4,EET2C2D8D ,414
4,EET2C2D95D ,415
4,EET2C3D8D ,416
4,EET2C65D ,417
4,EET2C8D ,418
4,EET2C95D ,419
4,EET2CDBA65D ,420
4,EET2CDBA8D ,421
4,EET2CDBA95D ,422
4,EET2CDFLSCPE65D ,423
4,XET2D65D ,424
4,XET2D8D ,425
4,XET2D95D ,426
4,XET3SPL65D ,427
4,XET3SPL65DBKOP ,428
4,XET3SPL65DOP ,429
4,XET3SPL65DTQ ,430
4,XET3SPL8D ,431
4,XET3SPL8DBKOP ,432
4,XET3SPL8DOP ,433
4,XET3SPL8DTQ ,434
4,XET3SPL95D ,435
4,XET3SPL95DBKOP ,436
4,XET3SPL95DOP ,437
4,XET3SPL95DTQ ,438
4,XET3SPLSL65D ,439
4,XET3SPLSL8D ,440
4,XET5BKD ,441
4,XET5D ,442
4,XET65BKD ,443
4,XET65D ,444
4,XET65OP ,445
4,XET65PE ,446
4,XET65TQ ,447
4,XET8BKD22 ,448
4,XET8D ,449
4,XET8D22 ,450
4,XET8OP ,451
4,XET8PE ,452
4,XET8TQ ,453
4,XET95BKD26 ,454
4,XET95D ,455
4,XET95D26 ,456
4,XET95OP ,457
4,XET95PE ,458
4,XET95TQ ,459
4,XETIV524D ,460
4,XETIV5BD ,461
4,XETIV5D ,462
4,XETIV6524D ,463
4,XETIV65BD ,464
4,XETIV65D ,465
4,XETIV824D ,466
4,XETIV8BD ,467
4,XETIV8D ,468
4,XETIV9524D ,469
4,XETIV95D ,470
4,XETIVBA65D ,471
4,XETIVBA8D ,472
4,XETIVBA95D ,473
4,XETMQIV11D ,474
4,XETMQIV65D ,475
4,XETMQIV8D ,476
4,XETMQIV95D ,477
4,XETMQSC11OP ,478
4,XETMQSC65D ,479
4,XETMQSC65OP ,480
4,XETMQSC8D ,481
4,XETMQSC8OP ,482
4,XETMQSC95D ,483
4,XETMQSC95OP ,484
4,EETR65D ,485
4,EETR65OP ,486
4,EETR65PE ,487
4,EETR65TQ ,488
4,XETST6545D ,489
4,XETST845D ,490
4,XETST9545D ,491
4,XETSTAR8D38 ,492
4,XETTS65 ,493
4,XETTS65D ,494
4,XETTS8 ,495
4,XETTS8D ,496
4,XETTS95D ,497
4,XETTSF8D ,498
4,EFH19 ,499
4,EFH25 ,500
4,EFH31 ,501
4,EFH38 ,502
4,XFL3D ,503
4,EFL3D ,504
4,XFL45BD ,505
4,EFL45BD ,506
4,XFL45BKD ,507
4,EFL45BKD ,508
4,XFL45CZ ,509
4,XFL45D ,510
4,EFL45D ,511
4,XFL45PD ,512
4,EFL45PD ,513
4,EFL45PKD ,514
4,XFL55BD ,515
4,EFL55BD ,516
4,XFL55BKD ,517
4,EFL55BKD ,518
4,EFL55CZ ,519
4,XFL55CZ ,520
4,XFL55D ,521
4,EFL55D ,522
4,XFL55PD ,523
4,EFL55PD ,524
4,EFL55PKD ,525
4,XFL7BD ,526
4,EFL7BD ,527
4,XFL7D ,528
4,EFL7D ,529
4,XFL7DPE ,530
4,EFL7DPE ,531
4,XFL7PD ,532
4,EFL7PD ,533
4,EFL7PKD ,534
4,XFL7PKD ,535
4,XFLD45D ,536
4,EFLD45D ,537
4,XFLD45D1CH ,538
4,XFLD55D ,539
4,EFLD55D ,540
4,EFLD5OP ,541
4,XFLD5OP ,542
4,EFLD65OP ,543
4,XFLD65OP ,544
4,EFLD75OP ,545
4,XFLD75OP ,546
4,XFLDM65OP ,547
4,XFLP55OP ,548
4,XFLP8BKD ,549
4,XFLP8OP ,550
4,EFLPED ,551
4,XFLPED ,552
4,XFLR55D3CBAD ,553
4,XG3BS ,554
4,EG3BS ,555
4,XG3CZ ,556
4,EG3CZ ,557
4,EG3OP ,558
4,XG3PS ,559
4,EG3PS ,560
4,XG3RB ,561
4,EG3RB ,562
4,XG3TQ ,563
4,EG3TQ ,564
4,EG5OP ,565
4,XG5OP ,566
4,XG7OP ,567
4,XGALOTIV42DR ,568
4,XHC65 ,569
4,XHC65D ,570
4,XHC8 ,571
4,EHCN4DTRFLDPE ,572
4,XHCNDFLDPEPS ,573
4,EHCNDFLDPEPS ,574
4,EHCNDFLMTDPEPS ,575
4,EHCNDFLPED ,576
4,EHCNLOTPAD ,577
4,EHCNLOTPADPE ,578
4,XHEART ,579
4,EHEART ,580
4,EHINLACD ,581
4,EHLACD ,582
4,EHPADBS ,583
4,EIV15BD ,584
4,XIV15BD ,585
4,EIV15D ,586
4,XIV15D ,587
4,EIV25BD ,588
4,XIV25BD ,589
4,EIV25D ,590
4,XIV25D ,591
4,EIV25PD ,592
4,XIV25PD ,593
4,XIV2BD ,594
4,EIV2BD ,595
4,EIV2D ,596
4,XIV2D ,597
4,EIV2PD ,598
4,XIV2PD ,599
4,EIV2PKD ,600
4,EIV35D ,601
4,XIV35D ,602
4,EIV38D ,603
4,XIV38D ,604
4,XIV38DSC2D ,605
4,EIV3BD ,606
4,XIV3BD ,607
4,EIV3D ,608
4,XIV3D ,609
4,EIV3PKD ,610
4,XIV3PKD ,611
4,EIV47D ,612
4,XIV47D ,613
4,XIV47DSC25D ,614
4,EIV4D ,615
4,XIV4D ,616
4,XIV4DSC2D ,617
4,EIV5D ,618
4,XIV5D ,619
4,XIV5DSC25D ,620
4,XIVD1C32D ,621
4,EIVD1C32D ,622
4,XIVD215D ,623
4,EIVD215D ,624
4,XIVD32D ,625
4,EIVD32D ,626
4,EIVFL6D ,627
4,XIVFL6D ,628
4,EIVFL85D ,629
4,XIVFL85D ,630
4,XIVTG25D ,631
4,XIVTG3D ,632
4,XIVTG4D ,633
4,EIVTG4D ,634
4,XIVTG5D ,635
4,EIVTG5D ,636
4,ELB11BKD ,637
4,XLB11BKD ,638
4,ELB11D ,639
4,XLB11D ,640
4,XLOT615D ,641
4,ELOT615D ,642
4,ELOTD625D ,643
4,XLOTD625D ,644
4,ELOTEG1CD ,645
4,XLOTEG315D ,646
4,ELOTEG315D ,647
4,ELOTEG3CDBAD ,648
4,XLOTEG42D ,649
4,ELOTEG42D ,650
4,ELOTEG615D ,651
4,XLOTEG615D ,652
4,ELOTEGD61CD ,653
4,XLOTEGD625D ,654
4,ELOTEGD625D ,655
4,ELOTORB65D ,656
4,XMMTD ,657
4,EMNPAD ,658
4,XMNPAD ,659
4,EMNSPAD ,660
4,XMNSPAD ,661
4,XMQ3D84P32DR ,662
4,EMQ625D ,663
4,XMQ625D ,664
4,XMQ725D ,665
4,EMQ725D ,666
4,XMQ825D ,667
4,XMQD735P32D ,668
4,XMQD84P32DR ,669
4,EMTCD ,670
4,XMTTD ,671
4,EMTTD ,672
4,XMTTDOP ,673
4,EMTTDOP ,674
4,XMTTDOPSC2D ,675
4,XMTTDPS ,676
4,EMTTDPS ,677
4,XP2CZ ,678
4,XP3CZ ,679
4,EP3CZ ,680
4,XPACD ,681
4,EPACD ,682
4,XPAISLD ,683
4,EPAISLD ,684
4,XPAISRD ,685
4,EPAISRD ,686
4,XPE625D ,687
4,EPE625D ,688
4,XPE6MQ4D ,689
4,XPE725D ,690
4,EPE725D ,691
4,XPEAR ,692
4,EPEAR ,693
4,EPK565M ,694
4,XPK565M ,695
4,EPK6565M ,696
4,XPK6565M ,697
4,EPK875M ,698
4,XPK875M ,699
4,XR11 ,700
4,XR125 ,701
4,XR1411 ,702
4,XR1465 ,703
4,XR148 ,704
4,XR1495 ,705
4,XR1611 ,706
4,XR16125 ,707
4,XR1665 ,708
4,XR168 ,709
4,XR1695 ,710
4,XR1SP5 ,711
4,XR1SP65 ,712
4,ER1SP65 ,713
4,XR1SP65BKOP ,714
4,ER1SP65BKOP ,715
4,XR1SP65OP ,716
4,ER1SP65OP ,717
4,ER1SP65TQ ,718
4,XR1SP8 ,719
4,ER1SP8 ,720
4,XR1SP8BKOP ,721
4,ER1SP8BKOP ,722
4,XR1SP8OP ,723
4,ER1SP8OP ,724
4,XR1SP8TQ ,725
4,ER1SP8TQ ,726
4,XR1SP95 ,727
4,ER1SP95 ,728
4,ER1SP95BKOP ,729
4,ER1SP95OP ,730
4,ER1SP95TQ ,731
4,XR2C65 ,732
4,XR2C8 ,733
4,XR3SP65 ,734
4,XR3SP65BKOP ,735
4,XR3SP65OP ,736
4,XR3SP65TQ ,737
4,XR3SP8 ,738
4,XR3SP8BKOP ,739
4,XR3SP8OP ,740
4,XR3SP8TQ ,741
4,XR3SP95 ,742
4,XR3SP95BKOP ,743
4,XR3SP95OP ,744
4,XR3SP95TQ ,745
4,XR3SPG65 ,746
4,XR3SPG65BKOP ,747
4,XR3SPG65OP ,748
4,XR3SPG65TQ ,749
4,XR3SPG8BKOP ,750
4,XR3SPG8OP ,751
4,XR3SPG8TQ ,752
4,XR3SPG95 ,753
4,XR3SPG95BKOP ,754
4,XR3SPG95OP ,755
4,XR3SPG95TQ ,756
4,XR3SPGR8 ,757
4,XR3SPL65 ,758
4,XR3SPL65BKOP ,759
4,XR3SPL65OP ,760
4,XR3SPL65TQ ,761
4,XR3SPL8 ,762
4,XR3SPL8BKOP ,763
4,XR3SPL8OP ,764
4,XR3SPL8TQ ,765
4,XR3SPL95 ,766
4,XR3SPL95BKOP ,767
4,XR3SPL95OP ,768
4,XR3SPL95TQ ,769
4,XR5 ,770
4,XR65 ,771
4,XR8 ,772
4,XR95 ,773
4,XRCOBD65BKD ,774
4,XRCOBD65D ,775
4,XRCOBD8BKD ,776
4,XRCOBD8RB ,777
4,XRCOBD95BKD ,778
4,XRCOBD95RB ,779
4,XRCOBOP8DBKD ,780
4,XRCOBOP8DRB ,781
4,XRCOBOP95BKD ,782
4,XRCOBOP95DRB ,783
4,ERGSP65TQ ,784
4,ERGSP8BKOP ,785
4,ERGSP8TQ ,786
4,ERGSP95BKOP ,787
4,ERGSP95OP ,788
4,ERGSP95TQ ,789
4,ERNB3BD8BS ,790
4,XRNB3BD8BS ,791
4,XRNB3BD8PS ,792
4,ERNB3BD8PS ,793
4,XRNB3D8DPS ,794
4,ERNB3D8DPS ,795
4,XRNB8BS ,796
4,XRNB8D ,797
4,XRNB8PS ,798
4,XRNB95BS ,799
4,XRNB95D ,800
4,XRNB95PS ,801
4,XRSC11D ,802
4,XRSC125D ,803
4,XRSC5D ,804
4,XRSC5OP ,805
4,XRSC65D ,806
4,XRSC65OP ,807
4,XRSC8D ,808
4,XRSC8OP ,809
4,XRSC95D ,810
4,XRSC95OP ,811
4,XRSPJ8 ,812
4,ERSPJ95 ,813
4,XRUR65DBKD ,814
4,XRUR65DD ,815
4,XRUR65OPBKD ,816
4,XRUR65OPD ,817
4,XRUR8DBKD ,818
4,XRUR8DD ,819
4,XRUR8DRB ,820
4,XRUR8OPBKD ,821
4,XRUR95DBKD ,822
4,XRUR95DD ,823
4,XRUR95DRB ,824
4,XRUR95OPBKD ,825
4,XSC12D ,826
4,ESC12D ,827
4,XSC15BD ,828
4,ESC15BD ,829
4,XSC15BKD ,830
4,ESC15BKD ,831
4,XSC15D ,832
4,ESC15D ,833
4,XSC15PD ,834
4,ESC15PD ,835
4,ESC15PKD ,836
4,XSC25BKD ,837
4,XSC25D ,838
4,ESC25D ,839
4,XSC2BD ,840
4,ESC2BD ,841
4,XSC2BKD ,842
4,ESC2BKD ,843
4,XSC2D ,844
4,ESC2D ,845
4,XSC2PD ,846
4,ESC2PD ,847
4,XSC2PKD ,848
4,ESC2PKD ,849
4,ESC3BD ,850
4,XSC3BD ,851
4,XSC3BKD ,852
4,ESC3BKD ,853
4,XSC3D ,854
4,ESC3D ,855
4,ESC3PD ,856
4,XSC3PD ,857
4,XSC3PKD ,858
4,XSCD32D ,859
4,ESCD32D ,860
4,XSCEG3CZ ,861
4,ESCEG3CZ ,862
4,XSCEG4CZ ,863
4,ESCEG4CZ ,864
4,XSCMQ4D ,865
4,ESCMQ4D ,866
4,XSHSTAR ,867
4,ESHSTAR ,868
4,XSK4BKDM ,869
4,XSK4RB ,870
4,XSK5BKDM ,871
4,XSK5DM ,872
4,XSK5RB ,873
4,XSK5RBM ,874
4,XSK65BKDM ,875
4,XSK65DM ,876
4,XSK65OPM ,877
4,XSL8DR ,878
4,ESLEG8D ,879
4,XSLEG8DR ,880
4,XSLIV55D ,881
4,ESLIV55D ,882
4,ESN10BKD ,883
4,XSN10BKD ,884
4,ESN10D ,885
4,XSN10D ,886
4,ESN10RB ,887
4,XSN10RB ,888
4,ESN5BKD ,889
4,XSN5BKD ,890
4,ESN5D ,891
4,XSN5D ,892
4,ESN5RB ,893
4,XSN5RB ,894
4,ESNEG10BKD ,895
4,XSNEG10BKD ,896
4,ESNEG10D ,897
4,XSNEG10D ,898
4,ESNEG10RB ,899
4,XSNEG10RB ,900
4,ESNEG5BKD ,901
4,XSNEG5BKD ,902
4,ESNEG5D ,903
4,XSNEG5D ,904
4,ESNEG5RB ,905
4,XSNEG5RB ,906
4,ESNPA10D ,907
4,XSNPA10D ,908
4,XSNPA10RB ,909
4,ESNPA10RB ,910
4,XSP3525 ,911
4,ESP3525 ,912
4,ESQ2D ,913
4,XSQ3BTRD ,914
4,ESQ3BTRD ,915
4,ESQ3D ,916
4,ESQ3DTRD ,917
4,XSQ4DTRD ,918
4,ESQGBS ,919
4,XSQGBS ,920
4,XSQGPS ,921
4,EST1CTR55D ,922
4,XSTAR ,923
4,ESTAR ,924
4,ESTAR45D ,925
4,XSTAR45D ,926
4,ESTAR55D ,927
4,XSTAR55D ,928
4,ESTAR7D ,929
4,XSTAR7D ,930
4,XSTARD ,931
4,ESTARD ,932
4,ETNCOBBKDBKD ,933
4,XTNCOBBKDBKD ,934
4,ETNCOBBKDRB ,935
4,XTNCOBBKDRB ,936
4,ETNCOBDD ,937
4,XTNCOBDD ,938
4,XTNCOBDRB ,939
4,ETNCOBRBBKD ,940
4,XTNCOBRBBKD ,941
4,ETNCOBRBD ,942
4,EURPA4D ,943
4,XURPA4D ,944
4,EURPA4DOP ,945
4,XURPA4DOP ,946
4,XURPA5D ,947
4,EURPA5D ,948
4,XURPA5DOP ,949
4,EURPA5DOP ,950
4,EURPAP5DOP ,951
4,XURPAPRS4BKD ,952
4,EURPAPRS4BKD ,953
4,XURPAPRS5BKD ,954
4,EURPAPRS5BKD ,955
4,XWB10BKD ,956
4,EWB10BKD ,957
4,XWB10D ,958
4,EWB10D ,959
4,EWB15BKD ,960
4,XWB15BKD ,961
4,EWB15D ,962
4,XWB15D ,963
4,XXMARK ,964
4,EXMARK ,965
